"Date","Price","Open","High","Low","Vol.","Change %"
"Nov 09, 2017","1.99","1.99","2.20","1.90","283.35K","0.00%"
"Nov 10, 2017","1.71","1.99","2.02","1.60","483.23K","-14.07%"
"Nov 11, 2017","1.66","1.71","1.93","1.58","256.71K","-2.92%"
"Nov 12, 2017","1.49","1.66","1.70","1.34","456.48K","-10.24%"
"Nov 13, 2017","1.68","1.49","1.74","1.49","166.01K","12.75%"
"Nov 14, 2017","1.59","1.68","1.74","1.53","173.12K","-5.36%"
"Nov 15, 2017","1.55","1.59","1.68","1.49","291.61K","-2.52%"
"Nov 16, 2017","1.56","1.55","1.67","1.51","193.73K","0.65%"
"Nov 17, 2017","1.50","1.56","1.58","1.49","419.40K","-3.85%"
"Nov 18, 2017","1.67","1.50","1.67","1.49","168.62K","11.33%"
"Nov 19, 2017","1.60","1.67","1.69","1.58","172.57K","-4.19%"
"Nov 20, 2017","1.64","1.60","1.65","1.56","158.69K","2.50%"
"Nov 21, 2017","1.59","1.64","1.64","1.54","404.20K","-3.05%"
"Nov 22, 2017","1.62","1.59","1.62","1.56","179.15K","1.89%"
"Nov 23, 2017","1.57","1.62","1.62","1.54","178.86K","-3.09%"
"Nov 24, 2017","1.73","1.57","1.82","1.54","631.81K","10.19%"
"Nov 25, 2017","1.87","1.73","1.96","1.68","462.64K","8.09%"
"Nov 26, 2017","1.84","1.87","1.91","1.76","192.60K","-1.60%"
"Nov 27, 2017","1.95","1.84","1.95","1.74","472.12K","5.98%"
"Nov 28, 2017","1.92","1.95","1.95","1.80","357.69K","-1.54%"
"Nov 29, 2017","1.76","1.92","2.05","1.55","901.09K","-8.33%"
"Nov 30, 2017","1.95","1.76","2.04","1.71","736.32K","10.80%"
"Dec 01, 2017","2.05","1.95","2.14","1.88","308.39K","5.13%"
"Dec 02, 2017","2.08","2.05","2.12","1.98","240.59K","1.46%"
"Dec 03, 2017","2.26","2.08","2.40","2.04","341.64K","8.65%"
"Dec 04, 2017","2.55","2.26","2.59","2.26","369.61K","12.83%"
"Dec 05, 2017","2.61","2.55","2.75","2.50","418.31K","2.35%"
"Dec 06, 2017","2.51","2.61","2.80","2.33","369.57K","-3.83%"
"Dec 07, 2017","2.66","2.51","2.84","2.40","520.77K","5.98%"
"Dec 08, 2017","2.79","2.66","2.80","2.21","641.80K","4.89%"
"Dec 09, 2017","2.65","2.79","2.81","2.18","470.09K","-5.02%"
"Dec 10, 2017","2.46","2.65","2.66","2.13","548.97K","-7.17%"
"Dec 11, 2017","2.69","2.46","2.78","2.45","378.45K","9.35%"
"Dec 12, 2017","2.55","2.69","2.74","2.45","534.10K","-5.20%"
"Dec 13, 2017","2.72","2.55","2.74","2.27","669.43K","6.67%"
"Dec 14, 2017","3.15","2.72","3.15","2.63","871.68K","15.81%"
"Dec 15, 2017","4.12","3.15","4.40","2.99","896.22K","30.79%"
"Dec 16, 2017","4.64","4.12","4.72","3.82","767.29K","12.62%"
"Dec 17, 2017","6.00","4.64","6.70","4.60","1.52M","29.31%"
"Dec 18, 2017","6.00","6.00","6.10","4.75","1.41M","0.00%"
"Dec 19, 2017","5.70","6.00","6.46","5.27","1.74M","-5.00%"
"Dec 20, 2017","5.15","5.70","5.70","4.68","1.38M","-9.65%"
"Dec 21, 2017","5.16","5.15","5.69","4.42","984.45K","0.19%"
"Dec 22, 2017","4.29","5.16","5.20","3.25","1.57M","-16.86%"
"Dec 23, 2017","4.40","4.29","5.00","4.17","945.69K","2.56%"
"Dec 24, 2017","5.18","4.40","5.20","3.80","1.03M","17.73%"
"Dec 25, 2017","6.46","5.18","6.88","5.03","1.44M","24.71%"
"Dec 26, 2017","9.25","6.46","10.79","6.35","2.97M","43.19%"
"Dec 27, 2017","10.07","9.25","11.30","8.26","2.73M","8.86%"
"Dec 28, 2017","9.25","10.07","10.25","7.80","2.52M","-8.14%"
"Dec 29, 2017","8.71","9.25","9.80","8.39","1.37M","-5.84%"
"Dec 30, 2017","7.59","8.71","8.71","6.93","1.61M","-12.86%"
"Dec 31, 2017","8.53","7.59","8.80","7.52","1.26M","12.38%"
"Jan 01, 2018","8.45","8.53","8.70","7.80","642.51K","-0.94%"
"Jan 02, 2018","8.72","8.45","9.11","8.09","1.23M","3.20%"
"Jan 03, 2018","9.30","8.72","9.47","8.27","926.41K","6.65%"
"Jan 04, 2018","9.14","9.30","9.46","8.56","918.41K","-1.72%"
"Jan 05, 2018","14.88","9.14","16.82","8.97","2.60M","62.80%"
"Jan 06, 2018","22.60","14.89","23.60","14.70","2.66M","51.88%"
"Jan 07, 2018","18.59","22.60","22.66","18.05","1.38M","-17.74%"
"Jan 08, 2018","18.00","18.59","19.30","14.00","2.00M","-3.17%"
"Jan 09, 2018","17.40","18.00","20.61","16.43","1.26M","-3.33%"
"Jan 10, 2018","17.48","17.40","17.56","14.60","1.13M","0.46%"
"Jan 11, 2018","21.33","17.50","23.00","13.90","3.54M","22.04%"
"Jan 12, 2018","22.05","20.72","24.64","19.28","2.92M","3.38%"
"Jan 13, 2018","22.09","22.37","23.50","21.10","1.08M","0.17%"
"Jan 14, 2018","20.45","22.10","22.10","18.27","1.38M","-7.41%"
"Jan 15, 2018","19.44","20.42","23.23","19.05","2.29M","-4.96%"
"Jan 16, 2018","13.00","19.44","19.44","10.00","9.93M","-33.12%"
"Jan 17, 2018","14.10","13.01","15.66","9.40","9.97M","8.50%"
"Jan 18, 2018","14.14","14.30","15.90","13.10","6.70M","0.25%"
"Jan 19, 2018","14.93","14.02","15.48","13.50","3.00M","5.59%"
"Jan 20, 2018","16.11","14.95","16.65","14.82","2.62M","7.88%"
"Jan 21, 2018","14.13","16.20","16.26","13.05","3.32M","-12.24%"
"Jan 22, 2018","12.90","14.16","14.48","11.66","2.88M","-8.73%"
"Jan 23, 2018","13.10","12.90","13.88","11.64","2.34M","1.57%"
"Jan 24, 2018","13.77","13.10","14.29","12.60","1.95M","5.07%"
"Jan 25, 2018","13.19","13.80","14.15","13.01","1.43M","-4.18%"
"Jan 26, 2018","13.17","13.19","13.60","12.01","1.79M","-0.16%"
"Jan 27, 2018","13.40","13.13","13.55","12.85","992.88K","1.75%"
"Jan 28, 2018","13.77","13.40","14.01","13.30","1.38M","2.79%"
"Jan 29, 2018","12.81","13.77","13.87","12.74","857.95K","-6.96%"
"Jan 30, 2018","11.47","12.83","12.84","11.11","1.32M","-10.46%"
"Jan 31, 2018","11.31","11.47","11.50","10.55","947.12K","-1.41%"
"Feb 01, 2018","9.51","11.32","11.45","8.66","2.17M","-15.90%"
"Feb 02, 2018","9.75","9.51","10.70","7.31","4.02M","2.47%"
"Feb 03, 2018","9.75","9.80","10.32","8.58","2.35M","0.00%"
"Feb 04, 2018","8.40","9.73","9.75","8.04","2.02M","-13.87%"
"Feb 05, 2018","6.73","8.35","8.56","6.08","3.13M","-19.87%"
"Feb 06, 2018","8.25","6.74","8.60","5.52","6.16M","22.49%"
"Feb 07, 2018","8.11","8.26","9.23","7.32","4.41M","-1.66%"
"Feb 08, 2018","8.28","8.06","8.38","8.04","4.41M","2.11%"
"Feb 09, 2018","9.86","9.55","10.00","9.35","2.40M","19.10%"
"Feb 10, 2018","9.24","9.85","10.35","8.77","3.35M","-6.24%"
"Feb 11, 2018","8.67","9.26","9.39","8.03","3.02M","-6.22%"
"Feb 12, 2018","9.34","8.67","9.43","8.67","1.91M","7.73%"
"Feb 13, 2018","9.02","9.34","9.35","8.74","1.37M","-3.47%"
"Feb 14, 2018","10.36","9.01","10.65","8.96","2.57M","14.91%"
"Feb 15, 2018","10.87","10.38","11.29","10.05","4.24M","4.89%"
"Feb 16, 2018","11.20","10.87","11.20","10.30","1.96M","3.07%"
"Feb 17, 2018","11.66","11.25","11.85","10.90","2.29M","4.14%"
"Feb 18, 2018","10.64","11.68","11.68","10.58","2.18M","-8.75%"
"Feb 19, 2018","11.06","10.64","11.19","10.54","1.34M","3.92%"
"Feb 20, 2018","9.89","11.07","11.20","9.70","2.36M","-10.59%"
"Feb 21, 2018","9.40","9.87","10.20","9.05","2.28M","-4.99%"
"Feb 22, 2018","8.86","9.40","9.80","8.63","1.79M","-5.69%"
"Feb 23, 2018","9.69","8.85","9.73","8.62","1.62M","9.38%"
"Feb 24, 2018","9.09","9.72","9.84","8.70","1.36M","-6.23%"
"Feb 25, 2018","9.34","9.09","9.47","8.90","885.07K","2.78%"
"Feb 26, 2018","9.92","9.35","10.10","9.09","1.27M","6.21%"
"Feb 27, 2018","10.56","9.92","11.11","9.79","2.38M","6.50%"
"Feb 28, 2018","10.46","10.58","11.17","10.35","1.61M","-1.02%"
"Mar 01, 2018","10.50","10.45","10.68","10.33","1.23M","0.38%"
"Mar 02, 2018","10.23","10.48","10.56","10.11","710.33K","-2.52%"
"Mar 03, 2018","10.24","10.23","10.46","10.12","635.35K","0.07%"
"Mar 04, 2018","10.39","10.24","10.40","9.86","592.20K","1.51%"
"Mar 05, 2018","10.09","10.41","10.45","10.09","470.75K","-2.91%"
"Mar 06, 2018","9.39","10.08","10.13","9.11","940.57K","-6.98%"
"Mar 07, 2018","9.01","9.40","10.21","8.13","2.93M","-4.01%"
"Mar 08, 2018","8.26","9.04","9.14","8.02","1.88M","-8.39%"
"Mar 09, 2018","8.28","8.24","8.33","7.07","1.95M","0.31%"
"Mar 10, 2018","7.65","8.30","8.34","7.57","2.21M","-7.62%"
"Mar 11, 2018","8.27","7.65","8.42","7.33","2.66M","8.06%"
"Mar 12, 2018","8.03","8.25","8.50","7.68","2.53M","-2.88%"
"Mar 13, 2018","10.15","8.02","10.97","7.83","7.22M","26.46%"
"Mar 14, 2018","8.91","10.23","10.67","8.50","5.16M","-12.20%"
"Mar 15, 2018","9.12","8.92","9.42","8.31","4.27M","2.31%"
"Mar 16, 2018","9.08","9.12","9.38","8.56","4.04M","-0.44%"
"Mar 17, 2018","8.92","9.04","9.47","8.64","3.95M","-1.72%"
"Mar 18, 2018","8.94","8.92","8.98","7.80","3.95M","0.18%"
"Mar 19, 2018","9.01","8.98","9.30","8.45","3.91M","0.75%"
"Mar 20, 2018","9.18","9.03","9.26","8.60","3.93M","1.93%"
"Mar 21, 2018","9.94","9.17","10.33","9.06","4.96M","8.28%"
"Mar 22, 2018","10.07","9.97","10.93","9.49","4.70M","1.32%"
"Mar 23, 2018","11.75","10.08","11.97","9.50","5.51M","16.67%"
"Mar 24, 2018","13.17","11.75","14.93","11.54","8.44M","12.11%"
"Mar 25, 2018","12.97","13.10","14.25","12.49","6.18M","-1.54%"
"Mar 26, 2018","11.97","13.01","13.01","10.82","5.49M","-7.70%"
"Mar 27, 2018","11.53","12.05","12.22","10.83","4.08M","-3.67%"
"Mar 28, 2018","11.67","11.51","12.23","11.32","3.22M","1.15%"
"Mar 29, 2018","10.19","11.69","11.75","10.12","3.60M","-12.69%"
"Mar 30, 2018","10.37","10.19","10.85","9.71","3.79M","1.86%"
"Mar 31, 2018","11.05","10.42","11.47","10.25","4.18M","6.52%"
"Apr 01, 2018","11.10","11.09","11.31","10.32","4.10M","0.44%"
"Apr 02, 2018","12.60","11.11","12.66","10.98","4.51M","13.51%"
"Apr 03, 2018","13.31","12.60","13.96","12.22","5.15M","5.60%"
"Apr 04, 2018","12.21","13.27","13.45","12.00","5.11M","-8.23%"
"Apr 05, 2018","12.49","12.18","12.64","12.10","4.29M","2.28%"
"Apr 06, 2018","12.26","12.52","12.65","12.01","3.15M","-1.84%"
"Apr 07, 2018","12.50","12.24","12.65","12.22","3.26M","1.97%"
"Apr 08, 2018","12.12","12.48","12.52","12.11","3.09M","-3.00%"
"Apr 09, 2018","11.88","12.12","12.55","11.52","3.01M","-1.99%"
"Apr 10, 2018","12.08","11.89","12.43","11.81","3.45M","1.69%"
"Apr 11, 2018","12.30","12.09","12.30","11.77","3.39M","1.79%"
"Apr 12, 2018","12.97","12.30","13.02","11.85","4.90M","5.46%"
"Apr 13, 2018","13.49","13.01","13.80","12.72","5.34M","4.03%"
"Apr 14, 2018","13.27","13.52","13.88","12.93","3.52M","-1.69%"
"Apr 15, 2018","13.10","13.29","13.62","12.90","3.85M","-1.25%"
"Apr 16, 2018","12.23","13.06","13.09","12.01","2.71M","-6.64%"
"Apr 17, 2018","11.74","12.23","12.48","11.67","2.44M","-3.96%"
"Apr 18, 2018","12.30","11.76","12.44","11.51","2.74M","4.73%"
"Apr 19, 2018","12.35","12.27","12.43","12.05","2.40M","0.41%"
"Apr 20, 2018","12.57","12.35","12.72","11.89","2.74M","1.81%"
"Apr 21, 2018","13.35","12.58","13.74","12.39","4.56M","6.15%"
"Apr 22, 2018","12.87","13.34","13.40","12.80","2.56M","-3.55%"
"Apr 23, 2018","13.64","12.87","13.86","12.82","4.45M","5.98%"
"Apr 24, 2018","15.12","13.65","15.67","13.62","4.77M","10.84%"
"Apr 25, 2018","13.36","15.01","15.90","12.95","5.20M","-11.63%"
"Apr 26, 2018","14.63","13.30","14.74","13.20","4.22M","9.49%"
"Apr 27, 2018","14.29","14.64","14.78","14.13","2.89M","-2.30%"
"Apr 28, 2018","15.20","14.27","15.36","14.18","3.78M","6.31%"
"Apr 29, 2018","15.07","15.17","15.43","14.52","2.83M","-0.80%"
"Apr 30, 2018","14.32","15.05","15.15","14.05","2.06M","-5.02%"
"May 01, 2018","14.16","14.33","14.33","13.50","1.99M","-1.13%"
"May 02, 2018","14.43","14.17","14.44","13.90","2.10M","1.89%"
"May 03, 2018","14.64","14.43","14.84","14.19","2.51M","1.49%"
"May 04, 2018","14.36","14.63","14.73","14.25","1.88M","-1.90%"
"May 05, 2018","14.44","14.35","14.57","14.21","1.88M","0.57%"
"May 06, 2018","14.01","14.44","14.94","13.64","2.10M","-2.99%"
"May 07, 2018","13.74","14.01","14.05","12.93","1.65M","-1.95%"
"May 08, 2018","13.50","13.72","13.97","13.10","1.44M","-1.75%"
"May 09, 2018","14.65","13.50","14.80","13.03","2.60M","8.50%"
"May 10, 2018","13.79","14.64","15.04","13.75","1.65M","-5.81%"
"May 11, 2018","12.98","13.77","14.13","12.53","1.57M","-5.93%"
"May 12, 2018","12.91","12.99","13.18","12.15","1.27M","-0.51%"
"May 13, 2018","13.15","12.93","13.57","12.65","1.88M","1.83%"
"May 14, 2018","12.82","13.16","13.20","12.29","1.55M","-2.46%"
"May 15, 2018","12.51","12.88","13.33","12.47","1.29M","-2.41%"
"May 16, 2018","12.29","12.53","12.57","11.88","1.07M","-1.79%"
"May 17, 2018","12.37","12.33","12.95","12.22","1.71M","0.61%"
"May 18, 2018","15.11","12.37","16.23","12.01","5.63M","22.18%"
"May 19, 2018","14.33","15.09","15.65","13.95","3.39M","-5.16%"
"May 20, 2018","14.17","14.28","14.39","13.69","2.41M","-1.13%"
"May 21, 2018","14.67","14.14","14.80","13.77","2.55M","3.57%"
"May 22, 2018","13.88","14.67","14.84","13.71","2.36M","-5.40%"
"May 23, 2018","12.47","13.85","13.93","12.24","2.22M","-10.18%"
"May 24, 2018","13.02","12.54","13.19","12.10","1.57M","4.47%"
"May 25, 2018","12.99","13.04","13.38","12.58","1.32M","-0.30%"
"May 26, 2018","12.73","13.04","13.26","12.69","1.21M","-1.97%"
"May 27, 2018","12.60","12.79","12.80","12.29","1.07M","-0.99%"
"May 28, 2018","11.89","12.60","12.75","11.63","938.95K","-5.65%"
"May 29, 2018","12.61","11.90","12.69","11.69","1.47M","6.01%"
"May 30, 2018","12.62","12.59","12.79","12.18","1.30M","0.08%"
"May 31, 2018","14.22","12.59","14.25","12.40","2.73M","12.66%"
"Jun 01, 2018","14.25","14.20","14.45","13.76","2.32M","0.25%"
"Jun 02, 2018","14.68","14.25","14.88","14.00","2.36M","3.01%"
"Jun 03, 2018","14.68","14.68","15.03","14.30","2.24M","0.00%"
"Jun 04, 2018","14.26","14.70","14.73","13.62","1.58M","-2.85%"
"Jun 05, 2018","15.60","14.26","15.70","14.15","2.61M","9.35%"
"Jun 06, 2018","17.27","15.60","17.40","15.32","3.87M","10.73%"
"Jun 07, 2018","16.25","17.27","17.44","16.15","3.25M","-5.88%"
"Jun 08, 2018","16.23","16.32","16.65","15.75","2.53M","-0.15%"
"Jun 09, 2018","16.03","16.30","16.90","15.89","2.34M","-1.23%"
"Jun 10, 2018","14.15","16.02","16.02","13.40","2.58M","-11.70%"
"Jun 11, 2018","15.47","14.17","15.48","13.71","2.47M","9.29%"
"Jun 12, 2018","15.26","15.48","16.15","14.92","3.48M","-1.35%"
"Jun 13, 2018","14.58","15.20","15.80","13.71","3.15M","-4.46%"
"Jun 14, 2018","14.81","14.56","15.20","14.06","2.69M","1.60%"
"Jun 15, 2018","14.99","14.88","15.63","14.63","2.57M","1.19%"
"Jun 16, 2018","15.76","14.92","15.96","14.85","2.45M","5.14%"
"Jun 17, 2018","16.52","15.76","17.19","15.71","3.24M","4.85%"
"Jun 18, 2018","16.84","16.60","17.17","16.16","2.85M","1.89%"
"Jun 19, 2018","16.74","16.79","16.94","16.13","2.12M","-0.57%"
"Jun 20, 2018","16.06","16.76","16.85","15.61","1.95M","-4.07%"
"Jun 21, 2018","17.07","16.08","17.38","15.88","3.56M","6.32%"
"Jun 22, 2018","15.56","17.06","17.25","15.18","3.36M","-8.85%"
"Jun 23, 2018","15.58","15.56","16.03","15.32","2.10M","0.09%"
"Jun 24, 2018","14.39","15.62","15.72","13.36","3.87M","-7.58%"
"Jun 25, 2018","14.90","14.42","15.15","13.76","2.27M","3.50%"
"Jun 26, 2018","14.06","14.92","15.01","13.84","1.40M","-5.64%"
"Jun 27, 2018","14.07","14.05","14.31","13.85","1.53M","0.12%"
"Jun 28, 2018","14.13","14.07","14.90","13.81","2.39M","0.43%"
"Jun 29, 2018","14.50","14.19","14.69","13.75","1.80M","2.62%"
"Jun 30, 2018","14.74","14.49","15.15","14.30","2.16M","1.59%"
"Jul 01, 2018","14.37","14.67","14.74","14.10","1.21M","-2.50%"
"Jul 02, 2018","14.60","14.39","14.75","14.02","1.90M","1.62%"
"Jul 03, 2018","14.15","14.60","14.81","14.02","1.78M","-3.10%"
"Jul 04, 2018","14.02","14.18","14.25","13.85","1.08M","-0.93%"
"Jul 05, 2018","13.76","14.02","14.09","13.43","1.17M","-1.82%"
"Jul 06, 2018","13.43","13.80","13.81","13.15","960.65K","-2.40%"
"Jul 07, 2018","14.13","13.44","14.28","13.31","2.50M","5.23%"
"Jul 08, 2018","13.98","14.15","14.18","13.86","1.79M","-1.06%"
"Jul 09, 2018","13.47","14.01","14.04","13.47","1.07M","-3.67%"
"Jul 10, 2018","12.77","13.54","13.55","12.64","1.27M","-5.18%"
"Jul 11, 2018","12.68","12.80","12.82","12.17","1.67M","-0.75%"
"Jul 12, 2018","12.12","12.70","12.77","11.81","1.06M","-4.40%"
"Jul 13, 2018","12.19","12.13","12.42","11.98","1.10M","0.55%"
"Jul 14, 2018","12.09","12.18","12.28","11.93","705.87K","-0.82%"
"Jul 15, 2018","12.30","12.05","12.40","11.97","974.98K","1.76%"
"Jul 16, 2018","13.38","12.30","13.42","12.18","1.69M","8.80%"
"Jul 17, 2018","13.72","13.33","13.90","12.83","2.44M","2.56%"
"Jul 18, 2018","12.87","13.74","13.88","12.67","2.50M","-6.23%"
"Jul 19, 2018","12.96","12.87","13.38","12.73","1.66M","0.71%"
"Jul 20, 2018","12.08","12.98","13.00","11.82","1.50M","-6.80%"
"Jul 21, 2018","12.18","12.07","12.49","11.85","962.91K","0.89%"
"Jul 22, 2018","12.14","12.21","12.33","11.95","720.19K","-0.33%"
"Jul 23, 2018","12.03","12.16","12.39","11.90","846.36K","-0.90%"
"Jul 24, 2018","12.16","12.03","12.29","11.64","1.47M","1.03%"
"Jul 25, 2018","13.00","12.12","13.51","12.12","2.39M","6.91%"
"Jul 26, 2018","13.34","13.00","13.62","12.93","2.05M","2.62%"
"Jul 27, 2018","13.99","13.36","14.08","13.04","1.87M","4.88%"
"Jul 28, 2018","14.66","13.99","14.88","13.72","2.19M","4.75%"
"Jul 29, 2018","13.95","14.67","14.75","13.67","1.63M","-4.79%"
"Jul 30, 2018","13.17","13.97","13.97","13.01","1.21M","-5.64%"
"Jul 31, 2018","13.80","13.19","14.08","13.00","1.91M","4.81%"
"Aug 01, 2018","13.65","13.80","14.09","13.21","1.44M","-1.11%"
"Aug 02, 2018","14.16","13.65","14.20","13.36","1.22M","3.75%"
"Aug 03, 2018","14.13","14.15","14.16","13.55","1.72M","-0.25%"
"Aug 04, 2018","13.85","14.12","14.47","13.56","1.67M","-1.95%"
"Aug 05, 2018","13.64","13.87","13.90","13.24","1.18M","-1.55%"
"Aug 06, 2018","13.69","13.65","13.96","13.47","1.40M","0.40%"
"Aug 07, 2018","13.15","13.65","13.85","13.08","1.14M","-3.95%"
"Aug 08, 2018","12.15","13.12","13.12","11.96","1.48M","-7.60%"
"Aug 09, 2018","12.79","12.15","12.86","12.04","1.40M","5.27%"
"Aug 10, 2018","12.15","12.77","12.77","11.71","1.32M","-5.00%"
"Aug 11, 2018","11.67","12.11","12.15","11.31","951.81K","-3.95%"
"Aug 12, 2018","11.77","11.70","11.84","11.36","827.24K","0.83%"
"Aug 13, 2018","10.26","11.77","11.86","10.11","1.26M","-12.83%"
"Aug 14, 2018","9.43","10.28","10.28","8.54","1.78M","-8.07%"
"Aug 15, 2018","9.54","9.40","10.63","9.34","2.06M","1.15%"
"Aug 16, 2018","9.78","9.54","9.99","9.35","1.01M","2.52%"
"Aug 17, 2018","10.88","9.78","10.88","9.71","1.34M","11.25%"
"Aug 18, 2018","9.88","10.85","10.97","9.45","1.13M","-9.19%"
"Aug 19, 2018","10.14","9.92","10.30","9.66","899.11K","2.64%"
"Aug 20, 2018","9.64","10.12","10.21","9.56","675.69K","-4.92%"
"Aug 21, 2018","9.74","9.64","9.84","9.36","467.53K","1.00%"
"Aug 22, 2018","9.52","9.74","10.24","9.19","930.43K","-2.27%"
"Aug 23, 2018","9.76","9.59","9.76","9.36","656.28K","2.57%"
"Aug 24, 2018","10.20","9.79","10.22","9.55","780.04K","4.55%"
"Aug 25, 2018","10.10","10.20","10.28","9.94","680.30K","-1.03%"
"Aug 26, 2018","10.22","10.12","10.25","9.73","744.03K","1.20%"
"Aug 27, 2018","11.17","10.20","11.31","10.10","1.52M","9.28%"
"Aug 28, 2018","11.49","11.19","11.53","10.77","1.55M","2.88%"
"Aug 29, 2018","11.17","11.48","11.49","10.71","1.15M","-2.83%"
"Aug 30, 2018","10.77","11.15","11.19","10.35","754.61K","-3.51%"
"Aug 31, 2018","10.98","10.77","10.99","10.56","823.12K","1.90%"
"Sep 01, 2018","11.48","10.99","11.57","10.97","1.05M","4.56%"
"Sep 02, 2018","11.37","11.48","11.50","11.08","709.11K","-0.97%"
"Sep 03, 2018","11.31","11.36","11.46","11.10","640.54K","-0.51%"
"Sep 04, 2018","11.44","11.31","11.45","11.22","632.54K","1.14%"
"Sep 05, 2018","9.97","11.38","11.57","9.92","1.18M","-12.89%"
"Sep 06, 2018","10.29","10.02","10.33","9.54","861.36K","3.22%"
"Sep 07, 2018","9.94","10.28","10.30","9.65","545.66K","-3.36%"
"Sep 08, 2018","9.52","9.93","10.14","9.28","590.91K","-4.20%"
"Sep 09, 2018","9.51","9.51","9.76","9.15","575.56K","-0.18%"
"Sep 10, 2018","9.52","9.51","9.74","9.29","411.19K","0.11%"
"Sep 11, 2018","9.36","9.51","9.60","9.11","775.04K","-1.59%"
"Sep 12, 2018","9.21","9.38","9.48","9.01","719.29K","-1.67%"
"Sep 13, 2018","9.56","9.21","9.71","9.20","1.02M","3.84%"
"Sep 14, 2018","9.89","9.59","10.09","9.50","1.07M","3.47%"
"Sep 15, 2018","10.06","9.90","10.22","9.88","1.11M","1.70%"
"Sep 16, 2018","9.94","10.09","10.13","9.70","796.12K","-1.21%"
"Sep 17, 2018","9.36","9.93","10.03","9.26","862.34K","-5.82%"
"Sep 18, 2018","9.52","9.36","9.65","9.22","892.23K","1.66%"
"Sep 19, 2018","9.61","9.52","9.79","9.23","981.11K","1.00%"
"Sep 20, 2018","10.01","9.62","10.08","9.58","1.12M","4.19%"
"Sep 21, 2018","10.46","10.02","10.48","9.95","1.44M","4.47%"
"Sep 22, 2018","10.25","10.46","10.60","10.02","855.61K","-2.00%"
"Sep 23, 2018","10.29","10.26","10.43","10.12","863.61K","0.37%"
"Sep 24, 2018","10.04","10.29","10.36","9.91","716.92K","-2.41%"
"Sep 25, 2018","9.82","10.03","10.03","9.37","669.50K","-2.21%"
"Sep 26, 2018","9.71","9.85","9.94","9.55","665.88K","-1.16%"
"Sep 27, 2018","10.06","9.70","10.10","9.64","1.10M","3.65%"
"Sep 28, 2018","9.96","10.06","10.28","9.81","1.02M","-1.02%"
"Sep 29, 2018","10.00","9.96","10.07","9.73","1.03M","0.40%"
"Sep 30, 2018","10.02","10.01","10.06","9.82","1.01M","0.22%"
"Oct 01, 2018","9.98","10.03","10.08","9.85","948.78K","-0.41%"
"Oct 02, 2018","10.31","9.98","10.68","9.86","1.65M","3.30%"
"Oct 03, 2018","10.28","10.33","10.49","10.02","1.52M","-0.27%"
"Oct 04, 2018","10.30","10.31","10.44","10.21","1.40M","0.16%"
"Oct 05, 2018","10.68","10.30","10.77","10.23","1.63M","3.66%"
"Oct 06, 2018","10.41","10.70","10.75","10.33","1.22M","-2.51%"
"Oct 07, 2018","10.59","10.43","10.60","10.27","1.29M","1.70%"
"Oct 08, 2018","10.57","10.59","10.69","10.50","1.24M","-0.14%"
"Oct 09, 2018","10.42","10.59","10.63","10.28","1.06M","-1.40%"
"Oct 10, 2018","10.40","10.41","10.44","10.25","1.03M","-0.25%"
"Oct 11, 2018","9.35","10.39","10.40","9.23","1.02M","-10.06%"
"Oct 12, 2018","9.59","9.36","9.75","9.25","1.04M","2.51%"
"Oct 13, 2018","9.68","9.55","9.73","9.54","1.06M","1.00%"
"Oct 14, 2018","9.59","9.67","9.78","9.53","963.46K","-0.95%"
"Oct 15, 2018","10.56","9.59","10.98","9.52","2.34M","10.16%"
"Oct 16, 2018","10.27","10.55","10.56","10.11","1.28M","-2.78%"
"Oct 17, 2018","10.23","10.26","10.35","10.10","1.40M","-0.35%"
"Oct 18, 2018","9.92","10.23","10.27","9.81","1.26M","-3.05%"
"Oct 19, 2018","9.90","9.92","9.98","9.83","1.11M","-0.22%"
"Oct 20, 2018","9.92","9.89","10.00","9.82","1.16M","0.22%"
"Oct 21, 2018","9.92","9.91","10.02","9.87","1.20M","0.00%"
"Oct 22, 2018","9.88","9.93","9.98","9.81","1.04M","-0.41%"
"Oct 23, 2018","9.92","9.89","10.04","9.82","1.22M","0.41%"
"Oct 24, 2018","9.87","9.92","9.99","9.86","1.04M","-0.54%"
"Oct 25, 2018","9.80","9.88","9.93","9.75","1.01M","-0.68%"
"Oct 26, 2018","9.83","9.81","9.91","9.75","1.02M","0.30%"
"Oct 27, 2018","9.73","9.83","9.83","9.70","851.50K","-1.06%"
"Oct 28, 2018","9.70","9.73","9.76","9.64","841.91K","-0.26%"
"Oct 29, 2018","9.44","9.70","9.73","9.38","786.96K","-2.63%"
"Oct 30, 2018","9.43","9.45","9.54","9.40","718.68K","-0.13%"
"Oct 31, 2018","9.49","9.45","9.55","9.29","709.70K","0.63%"
"Nov 01, 2018","9.62","9.48","9.65","9.44","792.43K","1.36%"
"Nov 02, 2018","9.65","9.62","9.72","9.55","849.51K","0.30%"
"Nov 03, 2018","9.58","9.64","9.71","9.49","814.17K","-0.71%"
"Nov 04, 2018","9.82","9.59","9.90","9.50","934.58K","2.49%"
"Nov 05, 2018","9.73","9.82","9.83","9.66","836.65K","-0.87%"
"Nov 06, 2018","9.86","9.75","9.88","9.67","884.71K","1.35%"
"Nov 07, 2018","9.89","9.88","9.98","9.81","867.19K","0.25%"
"Nov 08, 2018","9.69","9.90","9.92","9.66","797.78K","-2.04%"
"Nov 09, 2018","9.62","9.69","9.75","9.53","737.30K","-0.75%"
"Nov 10, 2018","9.59","9.62","9.68","9.57","782.36K","-0.27%"
"Nov 11, 2018","9.54","9.58","9.62","9.37","754.02K","-0.52%"
"Nov 12, 2018","9.48","9.57","9.59","9.33","724.75K","-0.65%"
"Nov 13, 2018","9.39","9.49","9.59","9.36","658.79K","-0.89%"
"Nov 14, 2018","8.68","9.39","9.42","8.34","671.74K","-7.57%"
"Nov 15, 2018","8.38","8.71","8.73","7.80","821.92K","-3.53%"
"Nov 16, 2018","8.01","8.35","8.38","7.86","902.84K","-4.37%"
"Nov 17, 2018","7.85","8.02","8.02","7.69","752.86K","-2.00%"
"Nov 18, 2018","8.08","7.85","8.14","7.83","605.11K","2.97%"
"Nov 19, 2018","6.70","8.09","8.09","6.67","1.05M","-17.05%"
"Nov 20, 2018","5.94","6.71","6.90","5.66","1.63M","-11.38%"
"Nov 21, 2018","6.29","5.92","6.32","5.65","842.73K","5.86%"
"Nov 22, 2018","5.75","6.30","6.37","5.75","627.77K","-8.57%"
"Nov 23, 2018","5.65","5.78","5.84","5.48","600.26K","-1.70%"
"Nov 24, 2018","5.20","5.66","5.80","4.79","919.71K","-7.99%"
"Nov 25, 2018","5.28","5.21","5.37","4.54","1.00M","1.55%"
"Nov 26, 2018","5.04","5.29","5.40","4.76","852.94K","-4.55%"
"Nov 27, 2018","4.99","5.04","5.04","4.71","702.11K","-1.05%"
"Nov 28, 2018","5.35","4.99","5.46","4.99","1.14M","7.22%"
"Nov 29, 2018","5.38","5.35","5.63","5.14","1.02M","0.57%"
"Nov 30, 2018","5.12","5.40","5.45","4.95","708.62K","-4.80%"
"Dec 01, 2018","5.28","5.11","5.39","5.01","924.16K","3.17%"
"Dec 02, 2018","5.28","5.28","5.43","5.20","852.86K","-0.14%"
"Dec 03, 2018","5.13","5.28","5.29","5.01","674.85K","-2.78%"
"Dec 04, 2018","5.89","5.13","6.35","5.10","2.24M","14.89%"
"Dec 05, 2018","6.06","5.93","6.62","5.73","4.21M","2.83%"
"Dec 06, 2018","4.90","6.06","6.10","4.90","3.03M","-19.08%"
"Dec 07, 2018","4.52","4.90","4.98","4.13","2.25M","-7.90%"
"Dec 08, 2018","4.63","4.51","4.80","4.30","1.26M","2.45%"
"Dec 09, 2018","4.77","4.63","5.00","4.52","1.51M","3.01%"
"Dec 10, 2018","4.63","4.77","4.94","4.49","928.56K","-2.90%"
"Dec 11, 2018","4.88","4.64","4.92","4.50","1.23M","5.45%"
"Dec 12, 2018","4.98","4.85","5.14","4.74","1.20M","1.96%"
"Dec 13, 2018","4.64","4.98","4.99","4.56","1.00M","-6.77%"
"Dec 14, 2018","4.52","4.64","4.75","4.43","946.23K","-2.58%"
"Dec 15, 2018","4.55","4.52","4.60","4.45","969.29K","0.65%"
"Dec 16, 2018","4.62","4.55","4.70","4.51","1.07M","1.50%"
"Dec 17, 2018","5.05","4.62","5.12","4.60","1.51M","9.33%"
"Dec 18, 2018","5.54","5.07","5.54","4.91","1.91M","9.70%"
"Dec 19, 2018","5.36","5.54","5.83","5.29","1.80M","-3.20%"
"Dec 20, 2018","5.66","5.34","5.79","5.24","2.16M","5.65%"
"Dec 21, 2018","5.47","5.66","5.78","5.32","1.59M","-3.38%"
"Dec 22, 2018","5.83","5.48","5.88","5.39","1.77M","6.66%"
"Dec 23, 2018","5.96","5.82","6.13","5.77","1.88M","2.13%"
"Dec 24, 2018","6.10","5.96","6.47","5.93","2.06M","2.37%"
"Dec 25, 2018","5.44","6.10","6.10","5.32","1.44M","-10.78%"
"Dec 26, 2018","5.60","5.45","5.68","5.38","1.35M","2.89%"
"Dec 27, 2018","5.17","5.62","5.65","5.10","1.15M","-7.69%"
"Dec 28, 2018","5.88","5.17","5.89","5.11","1.50M","13.70%"
"Dec 29, 2018","5.65","5.88","5.99","5.61","1.23M","-3.87%"
"Dec 30, 2018","5.89","5.66","5.90","5.56","1.40M","4.34%"
"Dec 31, 2018","6.11","5.89","6.24","5.84","2.39M","3.67%"
"Jan 01, 2019","5.99","6.12","6.12","5.78","1.42M","-1.92%"
"Jan 02, 2019","6.05","5.99","6.09","5.85","2.13M","0.89%"
"Jan 03, 2019","5.79","6.05","6.06","5.78","1.53M","-4.19%"
"Jan 04, 2019","5.97","5.79","5.99","5.75","1.66M","3.02%"
"Jan 05, 2019","5.97","5.97","6.10","5.93","1.63M","0.00%"
"Jan 06, 2019","6.26","5.97","6.37","5.93","2.51M","4.95%"
"Jan 07, 2019","6.20","6.27","6.31","6.10","1.68M","-0.98%"
"Jan 08, 2019","6.52","6.20","6.80","6.14","3.95M","5.08%"
"Jan 09, 2019","6.56","6.51","6.85","6.35","4.17M","0.61%"
"Jan 10, 2019","5.80","6.54","6.57","5.66","3.35M","-11.47%"
"Jan 11, 2019","5.96","5.84","6.12","5.69","2.56M","2.68%"
"Jan 12, 2019","5.86","5.96","5.96","5.80","1.75M","-1.63%"
"Jan 13, 2019","5.47","5.86","5.89","5.38","1.42M","-6.71%"
"Jan 14, 2019","6.06","5.47","6.06","5.46","2.33M","10.78%"
"Jan 15, 2019","5.81","6.06","6.06","5.68","1.37M","-4.11%"
"Jan 16, 2019","6.09","5.81","6.18","5.78","2.16M","4.85%"
"Jan 17, 2019","6.32","6.10","6.32","5.96","2.31M","3.77%"
"Jan 18, 2019","6.48","6.33","6.58","6.22","2.50M","2.51%"
"Jan 19, 2019","6.53","6.49","6.64","6.24","2.27M","0.79%"
"Jan 20, 2019","6.40","6.54","6.63","6.24","1.78M","-2.06%"
"Jan 21, 2019","6.47","6.42","6.51","6.29","1.85M","1.19%"
"Jan 22, 2019","6.48","6.46","6.50","6.26","1.86M","0.09%"
"Jan 23, 2019","6.49","6.47","6.52","6.35","1.93M","0.24%"
"Jan 24, 2019","6.46","6.49","6.49","6.39","1.51M","-0.58%"
"Jan 25, 2019","6.68","6.46","6.75","6.44","2.58M","3.46%"
"Jan 26, 2019","6.95","6.69","6.98","6.62","2.74M","3.99%"
"Jan 27, 2019","7.04","6.94","7.20","6.79","2.78M","1.32%"
"Jan 28, 2019","6.15","7.04","7.14","5.97","4.95M","-12.58%"
"Jan 29, 2019","6.14","6.16","6.26","5.99","2.96M","-0.20%"
"Jan 30, 2019","6.13","6.12","6.20","6.00","2.24M","-0.09%"
"Jan 31, 2019","6.22","6.14","6.26","5.96","2.27M","1.40%"
"Feb 01, 2019","6.52","6.24","6.64","6.12","2.94M","4.87%"
"Feb 02, 2019","6.87","6.52","6.90","6.49","3.25M","5.31%"
"Feb 03, 2019","6.79","6.87","6.90","6.62","3.09M","-1.18%"
"Feb 04, 2019","7.11","6.77","7.18","6.69","3.31M","4.69%"
"Feb 05, 2019","7.86","7.10","7.96","6.96","4.15M","10.54%"
"Feb 06, 2019","8.13","7.86","8.48","7.34","5.82M","3.48%"
"Feb 07, 2019","7.81","8.13","8.47","7.68","4.35M","-3.88%"
"Feb 08, 2019","8.59","7.81","8.80","7.61","4.96M","9.92%"
"Feb 09, 2019","8.90","8.61","8.92","8.44","5.44M","3.58%"
"Feb 10, 2019","9.17","8.90","9.29","8.83","5.75M","3.08%"
"Feb 11, 2019","9.53","9.16","9.78","9.04","6.04M","3.90%"
"Feb 12, 2019","9.28","9.53","9.75","8.94","4.94M","-2.63%"
"Feb 13, 2019","8.92","9.28","9.28","8.71","4.00M","-3.85%"
"Feb 14, 2019","8.75","8.88","9.04","8.41","2.80M","-1.92%"
"Feb 15, 2019","9.25","8.76","9.49","8.73","3.32M","5.73%"
"Feb 16, 2019","9.10","9.29","9.32","9.06","2.50M","-1.63%"
"Feb 17, 2019","9.22","9.09","9.22","8.91","2.46M","1.33%"
"Feb 18, 2019","9.61","9.22","9.70","9.18","2.81M","4.20%"
"Feb 19, 2019","10.47","9.61","11.11","9.50","4.90M","8.95%"
"Feb 20, 2019","10.94","10.46","11.27","10.40","4.34M","4.50%"
"Feb 21, 2019","10.47","10.92","10.93","10.14","3.08M","-4.24%"
"Feb 22, 2019","10.76","10.47","10.96","10.39","3.04M","2.71%"
"Feb 23, 2019","10.73","10.75","10.85","10.40","2.88M","-0.30%"
"Feb 24, 2019","9.93","10.73","11.08","9.40","4.80M","-7.43%"
"Feb 25, 2019","9.69","9.92","10.23","9.35","5.35M","-2.38%"
"Feb 26, 2019","9.43","9.70","9.75","9.36","3.12M","-2.72%"
"Feb 27, 2019","9.85","9.41","10.00","9.35","3.53M","4.50%"
"Feb 28, 2019","10.27","9.85","10.49","9.80","3.69M","4.26%"
"Mar 01, 2019","11.35","10.27","11.55","10.24","4.02M","10.45%"
"Mar 02, 2019","11.75","11.33","11.80","10.83","3.89M","3.56%"
"Mar 03, 2019","11.45","11.74","11.86","11.20","2.86M","-2.58%"
"Mar 04, 2019","11.41","11.45","11.51","10.88","2.74M","-0.29%"
"Mar 05, 2019","13.65","11.40","13.74","11.40","8.34M","19.61%"
"Mar 06, 2019","14.58","13.60","14.64","12.90","6.16M","6.78%"
"Mar 07, 2019","15.10","14.54","15.52","14.35","6.76M","3.59%"
"Mar 08, 2019","14.29","15.13","15.21","13.58","6.34M","-5.36%"
"Mar 09, 2019","14.47","14.22","14.92","13.98","4.00M","1.23%"
"Mar 10, 2019","14.37","14.45","14.51","13.87","3.53M","-0.66%"
"Mar 11, 2019","14.41","14.38","14.90","14.01","3.76M","0.26%"
"Mar 12, 2019","15.34","14.41","15.43","14.18","4.05M","6.48%"
"Mar 13, 2019","15.02","15.33","15.37","14.94","3.28M","-2.09%"
"Mar 14, 2019","14.90","15.04","15.08","14.57","3.08M","-0.78%"
"Mar 15, 2019","14.94","14.89","15.19","14.85","2.99M","0.22%"
"Mar 16, 2019","15.95","14.93","16.00","14.88","3.29M","6.81%"
"Mar 17, 2019","15.62","15.96","15.96","15.44","3.10M","-2.09%"
"Mar 18, 2019","15.54","15.60","15.79","15.23","2.48M","-0.51%"
"Mar 19, 2019","15.51","15.53","15.80","15.00","4.27M","-0.21%"
"Mar 20, 2019","15.13","15.50","15.50","15.02","2.37M","-2.42%"
"Mar 21, 2019","14.35","15.15","15.30","13.90","3.02M","-5.16%"
"Mar 22, 2019","15.15","14.35","15.22","14.23","2.69M","5.60%"
"Mar 23, 2019","15.15","15.15","15.44","14.96","2.63M","-0.04%"
"Mar 24, 2019","17.13","15.13","17.45","14.68","5.29M","13.08%"
"Mar 25, 2019","16.79","17.12","17.34","16.11","2.77M","-1.96%"
"Mar 26, 2019","16.18","16.78","16.78","15.56","2.73M","-3.64%"
"Mar 27, 2019","16.58","16.20","16.80","15.89","3.24M","2.46%"
"Mar 28, 2019","16.65","16.55","16.72","16.41","2.99M","0.44%"
"Mar 29, 2019","16.49","16.67","16.81","16.38","2.74M","-0.98%"
"Mar 30, 2019","16.97","16.49","16.97","15.97","2.79M","2.89%"
"Mar 31, 2019","17.53","16.96","17.72","16.75","3.18M","3.32%"
"Apr 01, 2019","17.91","17.50","18.23","17.34","2.97M","2.15%"
"Apr 02, 2019","19.72","17.89","19.88","17.56","3.36M","10.09%"
"Apr 03, 2019","18.51","19.77","20.00","18.00","3.53M","-6.11%"
"Apr 04, 2019","19.00","18.44","19.41","18.21","2.94M","2.62%"
"Apr 05, 2019","19.36","19.05","19.46","18.88","2.71M","1.93%"
"Apr 06, 2019","19.06","19.29","19.31","18.84","2.52M","-1.57%"
"Apr 07, 2019","18.96","19.07","19.21","18.82","2.33M","-0.52%"
"Apr 08, 2019","17.98","18.93","19.03","17.80","2.14M","-5.16%"
"Apr 09, 2019","18.30","17.94","18.54","17.05","2.78M","1.79%"
"Apr 10, 2019","18.23","18.24","18.61","17.89","2.55M","-0.38%"
"Apr 11, 2019","17.53","18.15","18.18","16.32","1.81M","-3.82%"
"Apr 12, 2019","18.32","17.42","18.54","16.62","2.33M","4.51%"
"Apr 13, 2019","18.62","18.11","18.63","17.95","2.21M","1.61%"
"Apr 14, 2019","19.38","18.49","19.90","18.43","2.44M","4.11%"
"Apr 15, 2019","19.27","19.36","19.78","18.69","2.22M","-0.60%"
"Apr 16, 2019","19.64","19.25","19.71","18.71","2.24M","1.95%"
"Apr 17, 2019","19.49","19.59","19.77","19.27","2.00M","-0.78%"
"Apr 18, 2019","21.88","19.45","21.99","19.43","3.69M","12.26%"
"Apr 19, 2019","24.32","21.84","24.70","21.17","4.25M","11.15%"
"Apr 20, 2019","24.89","24.18","25.49","23.79","3.54M","2.33%"
"Apr 21, 2019","24.03","24.80","24.85","22.49","3.31M","-3.44%"
"Apr 22, 2019","23.78","23.93","24.61","23.18","3.01M","-1.03%"
"Apr 23, 2019","22.55","23.71","24.60","22.48","2.88M","-5.19%"
"Apr 24, 2019","23.01","22.24","23.11","20.97","2.96M","2.04%"
"Apr 25, 2019","22.48","22.99","23.44","21.61","3.12M","-2.30%"
"Apr 26, 2019","23.06","22.45","23.78","21.68","3.27M","2.57%"
"Apr 27, 2019","22.42","23.04","23.12","22.39","2.99M","-2.76%"
"Apr 28, 2019","23.01","22.43","23.21","22.42","3.02M","2.64%"
"Apr 29, 2019","21.67","23.02","23.08","21.34","2.39M","-5.82%"
"Apr 30, 2019","22.04","21.71","22.30","21.34","2.20M","1.71%"
"May 01, 2019","21.88","22.03","22.10","21.48","2.07M","-0.74%"
"May 02, 2019","23.61","21.88","24.09","21.75","2.44M","7.91%"
"May 03, 2019","23.70","23.62","23.97","23.02","2.23M","0.40%"
"May 04, 2019","22.90","23.74","23.79","22.31","1.90M","-3.41%"
"May 05, 2019","22.98","22.89","23.17","22.66","1.79M","0.39%"
"May 06, 2019","22.19","22.99","22.99","21.47","1.77M","-3.46%"
"May 07, 2019","20.66","22.20","22.45","20.30","1.81M","-6.89%"
"May 08, 2019","20.67","20.66","21.40","19.60","2.74M","0.03%"
"May 09, 2019","18.82","20.67","20.96","18.58","2.33M","-8.92%"
"May 10, 2019","19.62","18.85","19.99","18.33","2.43M","4.24%"
"May 11, 2019","20.85","19.65","22.00","18.89","3.75M","6.25%"
"May 12, 2019","20.96","20.80","21.49","20.13","3.23M","0.53%"
"May 13, 2019","23.50","20.93","23.99","20.74","4.57M","12.13%"
"May 14, 2019","23.64","23.51","24.49","22.62","3.82M","0.60%"
"May 15, 2019","26.82","23.65","27.40","23.46","3.43M","13.45%"
"May 16, 2019","26.29","26.78","27.74","25.08","4.20M","-1.98%"
"May 17, 2019","25.80","26.29","26.65","23.40","3.43M","-1.87%"
"May 18, 2019","28.87","25.80","29.10","25.13","4.32M","11.89%"
"May 19, 2019","29.17","28.68","29.84","27.62","4.44M","1.05%"
"May 20, 2019","29.27","28.69","29.30","27.60","3.98M","0.33%"
"May 21, 2019","32.41","28.92","32.70","28.06","4.71M","10.75%"
"May 22, 2019","31.05","31.72","32.26","30.69","3.80M","-4.20%"
"May 23, 2019","31.42","30.67","32.23","30.20","3.79M","1.20%"
"May 24, 2019","34.10","31.21","34.70","31.21","4.53M","8.53%"
"May 25, 2019","35.12","33.91","35.47","33.65","4.18M","2.97%"
"May 26, 2019","33.27","35.07","35.07","32.37","3.85M","-5.27%"
"May 27, 2019","33.46","32.80","35.08","32.76","3.94M","0.58%"
"May 28, 2019","33.12","33.44","34.49","32.50","3.59M","-1.02%"
"May 29, 2019","33.62","33.11","33.87","30.93","3.64M","1.50%"
"May 30, 2019","31.63","33.62","34.95","30.38","3.80M","-5.90%"
"May 31, 2019","32.93","31.64","32.96","30.61","3.63M","4.11%"
"Jun 01, 2019","33.30","32.92","34.32","32.53","3.65M","1.13%"
"Jun 02, 2019","33.16","33.30","33.75","32.69","3.13M","-0.43%"
"Jun 03, 2019","30.87","33.14","33.16","30.51","2.85M","-6.91%"
"Jun 04, 2019","29.20","30.74","31.45","28.73","2.88M","-5.41%"
"Jun 05, 2019","30.85","29.25","31.18","29.01","3.35M","5.66%"
"Jun 06, 2019","31.15","30.82","31.99","29.75","2.99M","0.99%"
"Jun 07, 2019","31.43","31.16","31.96","30.95","2.76M","0.88%"
"Jun 08, 2019","31.70","31.38","32.29","31.13","3.23M","0.88%"
"Jun 09, 2019","30.15","31.70","31.84","29.77","2.53M","-4.90%"
"Jun 10, 2019","32.03","30.08","32.04","29.75","3.55M","6.23%"
"Jun 11, 2019","31.91","32.04","32.06","30.97","2.72M","-0.37%"
"Jun 12, 2019","34.85","31.92","34.96","31.82","3.95M","9.22%"
"Jun 13, 2019","35.24","34.86","36.31","34.12","3.54M","1.13%"
"Jun 14, 2019","32.40","35.27","35.27","29.89","4.82M","-8.08%"
"Jun 15, 2019","32.73","32.35","33.93","31.71","3.39M","1.04%"
"Jun 16, 2019","32.18","32.66","33.27","31.75","2.83M","-1.68%"
"Jun 17, 2019","33.85","32.21","34.40","32.20","3.33M","5.16%"
"Jun 18, 2019","34.44","33.83","35.05","33.76","3.40M","1.77%"
"Jun 19, 2019","35.17","34.45","35.53","34.42","3.66M","2.11%"
"Jun 20, 2019","36.84","35.16","36.91","34.44","4.15M","4.75%"
"Jun 21, 2019","38.67","36.76","38.83","36.34","3.53M","4.96%"
"Jun 22, 2019","37.99","38.69","39.56","37.33","3.32M","-1.75%"
"Jun 23, 2019","37.26","37.99","38.50","37.26","2.79M","-1.91%"
"Jun 24, 2019","37.42","37.25","37.80","36.09","2.63M","0.42%"
"Jun 25, 2019","36.11","37.43","37.52","35.72","2.00M","-3.49%"
"Jun 26, 2019","36.05","36.00","37.99","34.53","2.86M","-0.19%"
"Jun 27, 2019","34.40","35.96","36.32","33.29","2.61M","-4.57%"
"Jun 28, 2019","34.63","34.17","35.28","33.84","2.11M","0.67%"
"Jun 29, 2019","35.49","34.39","35.80","33.28","2.59M","2.47%"
"Jun 30, 2019","32.10","35.50","35.50","32.05","2.02M","-9.54%"
"Jul 01, 2019","33.24","31.78","34.01","31.41","1.84M","3.54%"
"Jul 02, 2019","31.95","33.28","33.81","30.59","2.02M","-3.86%"
"Jul 03, 2019","32.55","31.98","33.03","31.66","1.93M","1.87%"
"Jul 04, 2019","33.05","32.50","34.35","32.17","2.19M","1.53%"
"Jul 05, 2019","32.57","32.94","33.61","32.40","1.50M","-1.45%"
"Jul 06, 2019","32.60","32.56","33.13","32.50","1.12M","0.09%"
"Jul 07, 2019","32.98","32.54","33.40","32.44","1.22M","1.15%"
"Jul 08, 2019","33.38","32.96","34.26","32.76","1.49M","1.23%"
"Jul 09, 2019","32.48","33.35","33.88","32.25","1.23M","-2.71%"
"Jul 10, 2019","31.22","32.51","32.89","30.56","1.58M","-3.87%"
"Jul 11, 2019","29.42","31.22","31.77","28.31","1.75M","-5.74%"
"Jul 12, 2019","31.89","29.38","32.61","29.01","2.94M","8.38%"
"Jul 13, 2019","31.47","31.90","32.48","30.23","1.75M","-1.33%"
"Jul 14, 2019","28.48","31.49","31.50","28.32","2.12M","-9.50%"
"Jul 15, 2019","28.61","28.51","28.69","26.37","2.96M","0.48%"
"Jul 16, 2019","25.03","28.53","29.56","24.90","3.73M","-12.52%"
"Jul 17, 2019","27.60","25.06","28.12","24.19","5.62M","10.26%"
"Jul 18, 2019","28.93","27.65","29.50","26.80","6.27M","4.81%"
"Jul 19, 2019","28.99","28.97","29.92","28.34","3.94M","0.21%"
"Jul 20, 2019","31.09","29.01","31.44","28.92","2.87M","7.24%"
"Jul 21, 2019","30.45","31.10","31.52","29.33","2.17M","-2.05%"
"Jul 22, 2019","30.85","30.44","32.58","29.79","3.47M","1.33%"
"Jul 23, 2019","29.47","30.89","30.89","29.00","2.63M","-4.47%"
"Jul 24, 2019","28.89","29.05","29.40","27.78","2.35M","-1.97%"
"Jul 25, 2019","28.92","28.58","29.64","28.53","2.19M","0.10%"
"Jul 26, 2019","28.90","28.75","29.00","28.22","1.93M","-0.08%"
"Jul 27, 2019","27.73","28.80","29.42","27.23","1.49M","-4.07%"
"Jul 28, 2019","27.75","27.56","27.84","26.65","1.33M","0.08%"
"Jul 29, 2019","27.04","27.62","28.00","26.84","1.14M","-2.56%"
"Jul 30, 2019","26.95","26.72","27.12","26.22","1.15M","-0.35%"
"Jul 31, 2019","27.73","26.90","27.82","26.79","1.93M","2.92%"
"Aug 01, 2019","28.71","27.72","28.75","27.46","2.25M","3.53%"
"Aug 02, 2019","28.09","28.69","28.71","27.57","1.50M","-2.16%"
"Aug 03, 2019","27.74","28.03","28.31","27.52","1.22M","-1.25%"
"Aug 04, 2019","27.38","27.74","27.77","27.11","968.98K","-1.28%"
"Aug 05, 2019","27.97","27.37","28.30","27.33","1.17M","2.13%"
"Aug 06, 2019","27.67","27.94","28.30","27.34","1.42M","-1.04%"
"Aug 07, 2019","29.66","27.64","29.98","27.33","2.41M","7.16%"
"Aug 08, 2019","31.23","29.69","31.82","29.19","3.07M","5.31%"
"Aug 09, 2019","29.81","31.11","31.50","29.67","1.47M","-4.55%"
"Aug 10, 2019","29.65","29.82","29.98","29.06","1.31M","-0.54%"
"Aug 11, 2019","30.30","29.65","30.43","29.36","1.56M","2.20%"
"Aug 12, 2019","30.17","30.25","30.59","29.83","1.53M","-0.44%"
"Aug 13, 2019","29.42","30.17","30.43","29.21","1.16M","-2.48%"
"Aug 14, 2019","27.01","29.42","29.45","26.78","1.19M","-8.19%"
"Aug 15, 2019","28.11","27.09","28.20","26.81","1.25M","4.08%"
"Aug 16, 2019","27.53","28.07","28.12","26.80","963.18K","-2.09%"
"Aug 17, 2019","27.50","27.50","27.93","27.01","966.13K","-0.08%"
"Aug 18, 2019","27.92","27.47","28.18","27.05","1.21M","1.51%"
"Aug 19, 2019","28.78","27.90","29.18","27.71","1.80M","3.10%"
"Aug 20, 2019","27.99","28.78","28.78","27.57","1.23M","-2.75%"
"Aug 21, 2019","26.94","28.05","28.05","26.34","1.01M","-3.77%"
"Aug 22, 2019","26.97","26.93","27.33","26.22","1.09M","0.13%"
"Aug 23, 2019","26.96","26.92","27.28","26.78","1.08M","-0.02%"
"Aug 24, 2019","26.28","26.82","26.95","26.02","917.92K","-2.53%"
"Aug 25, 2019","26.10","26.33","26.38","25.66","933.53K","-0.70%"
"Aug 26, 2019","26.12","26.13","27.19","25.75","1.82M","0.10%"
"Aug 27, 2019","25.60","26.11","26.11","24.65","1.20M","-1.99%"
"Aug 28, 2019","23.36","25.59","26.12","23.21","1.44M","-8.76%"
"Aug 29, 2019","21.78","23.33","23.33","21.26","1.62M","-6.76%"
"Aug 30, 2019","22.12","21.78","22.56","21.51","1.60M","1.56%"
"Aug 31, 2019","21.06","22.16","22.37","20.98","1.37M","-4.80%"
"Sep 01, 2019","21.43","21.06","21.66","21.01","1.43M","1.74%"
"Sep 02, 2019","22.73","21.42","22.82","21.05","1.74M","6.06%"
"Sep 03, 2019","22.35","22.74","22.89","22.22","1.36M","-1.65%"
"Sep 04, 2019","21.68","22.37","22.60","21.49","1.09M","-2.99%"
"Sep 05, 2019","22.64","21.69","23.52","21.33","2.25M","4.41%"
"Sep 06, 2019","22.01","22.64","23.41","21.70","2.01M","-2.78%"
"Sep 07, 2019","22.41","21.96","22.65","21.92","1.69M","1.82%"
"Sep 08, 2019","22.41","22.42","22.73","22.11","1.31M","0.02%"
"Sep 09, 2019","22.10","22.38","22.43","21.77","1.01M","-1.40%"
"Sep 10, 2019","21.77","22.10","22.32","21.53","832.01K","-1.50%"
"Sep 11, 2019","20.74","21.76","22.03","20.56","1.07M","-4.73%"
"Sep 12, 2019","20.82","20.71","20.95","19.71","1.70M","0.39%"
"Sep 13, 2019","20.79","20.81","21.18","20.41","1.43M","-0.15%"
"Sep 14, 2019","20.95","20.79","21.13","20.72","1.30M","0.77%"
"Sep 15, 2019","20.29","20.97","21.04","20.29","1.15M","-3.15%"
"Sep 16, 2019","20.24","20.29","20.79","19.92","1.04M","-0.22%"
"Sep 17, 2019","20.99","20.24","21.40","20.03","1.84M","3.68%"
"Sep 18, 2019","22.18","21.01","23.17","20.95","3.31M","5.67%"
"Sep 19, 2019","21.55","22.20","22.44","20.43","1.61M","-2.83%"
"Sep 20, 2019","21.27","21.56","21.58","20.94","1.39M","-1.31%"
"Sep 21, 2019","20.97","21.26","21.44","20.82","1.13M","-1.42%"
"Sep 22, 2019","20.37","20.95","20.97","20.02","972.38K","-2.85%"
"Sep 23, 2019","19.29","20.36","20.36","19.18","1.09M","-5.30%"
"Sep 24, 2019","15.83","19.31","19.47","14.74","2.72M","-17.95%"
"Sep 25, 2019","16.03","15.82","16.48","14.97","1.83M","1.30%"
"Sep 26, 2019","15.22","16.03","16.38","14.45","1.81M","-5.09%"
"Sep 27, 2019","15.65","15.21","15.76","14.74","1.43M","2.87%"
"Sep 28, 2019","15.73","15.67","15.83","15.30","1.10M","0.50%"
"Sep 29, 2019","15.20","15.73","15.80","14.88","965.38K","-3.38%"
"Sep 30, 2019","15.84","15.22","15.84","14.62","1.13M","4.18%"
"Oct 01, 2019","15.82","15.83","16.28","15.64","1.18M","-0.10%"
"Oct 02, 2019","15.87","15.85","15.88","15.51","951.27K","0.30%"
"Oct 03, 2019","15.64","15.90","15.93","15.27","905.70K","-1.41%"
"Oct 04, 2019","15.61","15.65","15.82","15.24","858.00K","-0.18%"
"Oct 05, 2019","15.69","15.61","15.78","15.37","815.03K","0.46%"
"Oct 06, 2019","15.07","15.69","15.73","14.95","822.15K","-3.94%"
"Oct 07, 2019","16.02","15.06","16.11","14.89","1.14M","6.33%"
"Oct 08, 2019","16.01","16.05","16.31","15.80","990.16K","-0.10%"
"Oct 09, 2019","17.73","16.02","17.99","15.88","2.83M","10.74%"
"Oct 10, 2019","17.53","17.69","17.90","17.06","1.79M","-1.11%"
"Oct 11, 2019","16.57","17.55","17.69","16.54","1.48M","-5.45%"
"Oct 12, 2019","17.19","16.56","17.47","16.53","1.40M","3.74%"
"Oct 13, 2019","18.26","17.19","18.74","17.11","2.24M","6.21%"
"Oct 14, 2019","18.46","18.24","18.63","17.87","1.64M","1.09%"
"Oct 15, 2019","18.57","18.46","19.14","18.11","2.92M","0.60%"
"Oct 16, 2019","17.75","18.53","18.60","17.40","1.82M","-4.39%"
"Oct 17, 2019","18.52","17.75","18.83","17.58","1.89M","4.31%"
"Oct 18, 2019","18.21","18.49","18.75","17.72","1.43M","-1.64%"
"Oct 19, 2019","18.18","18.23","18.44","17.86","1.46M","-0.19%"
"Oct 20, 2019","18.50","18.20","18.57","17.75","1.69M","1.75%"
"Oct 21, 2019","18.28","18.47","18.47","17.95","1.49M","-1.19%"
"Oct 22, 2019","18.23","18.27","18.79","18.09","1.82M","-0.28%"
"Oct 23, 2019","16.69","18.16","18.20","16.13","1.85M","-8.45%"
"Oct 24, 2019","16.93","16.70","17.09","16.33","1.24M","1.45%"
"Oct 25, 2019","18.61","16.93","19.03","16.75","2.89M","9.95%"
"Oct 26, 2019","18.93","18.65","19.72","18.03","3.13M","1.71%"
"Oct 27, 2019","19.30","18.91","19.63","18.50","2.30M","1.95%"
"Oct 28, 2019","19.90","19.30","21.14","19.27","2.71M","3.12%"
"Oct 29, 2019","20.69","19.94","21.18","19.81","2.30M","3.94%"
"Oct 30, 2019","20.05","20.75","20.79","19.12","1.82M","-3.07%"
"Oct 31, 2019","19.90","20.05","20.33","19.37","1.68M","-0.74%"
"Nov 01, 2019","20.00","19.87","20.03","19.66","1.30M","0.47%"
"Nov 02, 2019","20.17","20.04","20.29","19.96","1.61M","0.88%"
"Nov 03, 2019","20.15","20.18","20.37","19.81","1.33M","-0.10%"
"Nov 04, 2019","20.62","20.17","20.86","20.03","1.64M","2.30%"
"Nov 05, 2019","20.65","20.60","20.89","20.35","1.44M","0.18%"
"Nov 06, 2019","20.67","20.65","20.92","20.45","1.30M","0.09%"
"Nov 07, 2019","20.41","20.69","20.81","19.95","1.03M","-1.26%"
"Nov 08, 2019","19.65","20.43","20.52","19.30","1.09M","-3.75%"
"Nov 09, 2019","19.71","19.63","19.96","19.49","883.55K","0.31%"
"Nov 10, 2019","20.42","19.70","20.60","19.67","1.29M","3.63%"
"Nov 11, 2019","20.09","20.46","20.62","19.75","1.00M","-1.65%"
"Nov 12, 2019","20.95","20.10","20.95","19.99","1.23M","4.29%"
"Nov 13, 2019","21.40","20.98","21.78","20.68","1.37M","2.15%"
"Nov 14, 2019","21.32","21.35","21.64","20.74","1.18M","-0.38%"
"Nov 15, 2019","20.28","21.34","21.34","20.01","1.37M","-4.88%"
"Nov 16, 2019","20.15","20.28","20.59","19.92","1.00M","-0.61%"
"Nov 17, 2019","20.14","20.17","20.41","19.78","1.15M","-0.04%"
"Nov 18, 2019","19.13","20.16","20.16","18.66","1.38M","-5.05%"
"Nov 19, 2019","18.50","19.08","19.27","18.13","1.22M","-3.28%"
"Nov 20, 2019","18.09","18.45","18.74","17.79","1.21M","-2.21%"
"Nov 21, 2019","16.79","18.09","18.24","16.48","1.72M","-7.20%"
"Nov 22, 2019","15.48","16.79","17.28","14.39","3.36M","-7.77%"
"Nov 23, 2019","16.21","15.48","16.32","14.96","1.94M","4.70%"
"Nov 24, 2019","15.02","16.23","16.50","14.90","2.16M","-7.32%"
"Nov 25, 2019","15.18","14.97","15.71","13.90","3.07M","1.03%"
"Nov 26, 2019","15.29","15.15","15.87","15.00","1.66M","0.75%"
"Nov 27, 2019","16.06","15.35","16.20","14.63","2.41M","5.02%"
"Nov 28, 2019","15.54","16.06","16.19","15.44","1.62M","-3.25%"
"Nov 29, 2019","16.21","15.51","16.30","15.49","2.04M","4.35%"
"Nov 30, 2019","15.72","16.21","16.27","15.48","1.44M","-3.05%"
"Dec 01, 2019","15.45","15.70","15.70","14.92","1.23M","-1.72%"
"Dec 02, 2019","15.13","15.43","15.60","15.04","1.20M","-2.06%"
"Dec 03, 2019","15.25","15.14","15.42","15.05","1.26M","0.76%"
"Dec 04, 2019","15.11","15.24","15.84","14.86","1.49M","-0.89%"
"Dec 05, 2019","15.66","15.13","15.71","14.81","1.70M","3.64%"
"Dec 06, 2019","15.67","15.66","15.74","15.31","1.43M","0.05%"
"Dec 07, 2019","15.58","15.67","15.82","15.53","1.25M","-0.53%"
"Dec 08, 2019","15.59","15.60","15.72","15.35","1.10M","0.06%"
"Dec 09, 2019","15.33","15.61","15.79","15.19","962.87K","-1.70%"
"Dec 10, 2019","14.81","15.31","15.34","14.61","1.00M","-3.38%"
"Dec 11, 2019","14.78","14.81","15.00","14.61","803.76K","-0.19%"
"Dec 12, 2019","14.73","14.82","14.84","14.39","740.71K","-0.38%"
"Dec 13, 2019","14.84","14.73","14.98","14.67","882.88K","0.81%"
"Dec 14, 2019","14.39","14.84","14.99","14.22","842.26K","-3.09%"
"Dec 15, 2019","14.39","14.38","14.49","14.15","787.39K","0.07%"
"Dec 16, 2019","13.45","14.38","14.43","13.30","1.13M","-6.59%"
"Dec 17, 2019","12.37","13.46","13.46","12.16","1.69M","-8.01%"
"Dec 18, 2019","13.57","12.39","13.65","12.23","2.32M","9.74%"
"Dec 19, 2019","13.33","13.63","13.76","12.96","1.38M","-1.81%"
"Dec 20, 2019","13.50","13.34","13.53","13.10","1.40M","1.25%"
"Dec 21, 2019","13.29","13.48","13.51","13.26","1.26M","-1.51%"
"Dec 22, 2019","13.78","13.29","13.81","13.27","1.51M","3.67%"
"Dec 23, 2019","13.32","13.78","13.94","13.22","1.23M","-3.34%"
"Dec 24, 2019","13.34","13.30","13.59","13.23","1.31M","0.15%"
"Dec 25, 2019","13.07","13.34","13.35","12.91","923.56K","-2.03%"
"Dec 26, 2019","13.14","13.08","13.55","13.04","1.06M","0.57%"
"Dec 27, 2019","13.29","13.12","13.29","12.97","1.11M","1.10%"
"Dec 28, 2019","13.68","13.28","13.72","13.26","1.36M","2.93%"
"Dec 29, 2019","14.11","13.68","14.20","13.59","1.61M","3.19%"
"Dec 30, 2019","13.85","14.08","14.37","13.78","1.26M","-1.84%"
"Dec 31, 2019","13.72","13.86","14.05","13.64","971.77K","-1.00%"
"Jan 01, 2020","13.70","13.71","13.86","13.65","939.31K","-0.13%"
"Jan 02, 2020","13.01","13.71","13.73","12.99","971.73K","-5.01%"
"Jan 03, 2020","13.65","13.01","13.75","12.98","1.46M","4.91%"
"Jan 04, 2020","13.81","13.64","13.87","13.53","1.23M","1.17%"
"Jan 05, 2020","14.03","13.80","14.31","13.80","1.46M","1.60%"
"Jan 06, 2020","14.95","14.05","14.99","14.02","1.63M","6.53%"
"Jan 07, 2020","15.02","14.97","15.17","14.46","1.46M","0.46%"
"Jan 08, 2020","14.53","15.01","15.31","14.20","1.50M","-3.26%"
"Jan 09, 2020","14.36","14.53","14.58","14.21","1.07M","-1.12%"
"Jan 10, 2020","15.07","14.38","15.09","14.11","1.57M","4.91%"
"Jan 11, 2020","14.94","15.04","15.32","14.75","1.40M","-0.83%"
"Jan 12, 2020","15.33","14.92","15.45","14.81","2.04M","2.59%"
"Jan 13, 2020","15.17","15.34","15.36","14.93","1.52M","-1.04%"
"Jan 14, 2020","16.65","15.17","16.91","15.17","2.71M","9.75%"
"Jan 15, 2020","17.65","16.53","18.17","16.28","3.04M","5.99%"
"Jan 16, 2020","17.06","17.63","17.67","16.33","1.84M","-3.33%"
"Jan 17, 2020","18.08","17.04","18.44","17.04","2.74M","6.01%"
"Jan 18, 2020","17.80","18.04","18.35","17.47","1.90M","-1.56%"
"Jan 19, 2020","17.36","17.77","18.48","16.67","2.13M","-2.46%"
"Jan 20, 2020","17.32","17.39","17.55","16.82","1.58M","-0.25%"
"Jan 21, 2020","18.11","17.31","18.20","17.23","1.92M","4.60%"
"Jan 22, 2020","17.83","18.11","18.40","17.60","1.61M","-1.55%"
"Jan 23, 2020","17.07","17.83","17.83","16.75","1.36M","-4.27%"
"Jan 24, 2020","17.03","17.08","17.44","16.45","1.41M","-0.21%"
"Jan 25, 2020","16.96","17.11","17.11","16.57","1.21M","-0.45%"
"Jan 26, 2020","17.48","16.91","17.48","16.85","1.62M","3.10%"
"Jan 27, 2020","17.67","17.48","17.90","17.23","1.56M","1.07%"
"Jan 28, 2020","18.03","17.68","18.15","17.47","1.91M","2.01%"
"Jan 29, 2020","17.91","18.06","18.44","17.84","1.45M","-0.62%"
"Jan 30, 2020","18.56","17.89","18.70","17.70","1.79M","3.61%"
"Jan 31, 2020","18.23","18.56","18.85","17.81","1.65M","-1.77%"
"Feb 01, 2020","18.27","18.28","18.59","18.04","1.51M","0.20%"
"Feb 02, 2020","18.42","18.25","18.77","17.89","1.56M","0.84%"
"Feb 03, 2020","18.46","18.42","18.85","18.20","1.32M","0.21%"
"Feb 04, 2020","18.18","18.46","18.62","17.87","1.22M","-1.50%"
"Feb 05, 2020","19.26","18.18","19.45","18.16","2.07M","5.94%"
"Feb 06, 2020","20.67","19.23","20.83","19.05","2.80M","7.30%"
"Feb 07, 2020","22.06","20.66","22.52","20.52","3.19M","6.74%"
"Feb 08, 2020","21.79","22.03","22.19","20.91","2.21M","-1.22%"
"Feb 09, 2020","24.35","21.78","24.37","21.78","2.85M","11.74%"
"Feb 10, 2020","25.10","24.39","25.78","23.35","4.79M","3.09%"
"Feb 11, 2020","25.68","25.11","25.73","24.17","3.51M","2.32%"
"Feb 12, 2020","26.42","25.68","26.89","25.36","2.96M","2.87%"
"Feb 13, 2020","25.46","26.43","27.18","24.68","3.64M","-3.63%"
"Feb 14, 2020","26.37","25.44","26.50","25.04","3.25M","3.58%"
"Feb 15, 2020","24.24","26.36","26.47","23.53","3.36M","-8.10%"
"Feb 16, 2020","23.39","24.24","25.25","21.81","3.75M","-3.52%"
"Feb 17, 2020","23.43","23.29","23.58","21.58","3.21M","0.19%"
"Feb 18, 2020","24.08","23.47","24.46","22.81","3.01M","2.78%"
"Feb 19, 2020","22.32","24.08","24.32","21.83","2.16M","-7.31%"
"Feb 20, 2020","22.16","22.34","22.64","21.08","2.37M","-0.73%"
"Feb 21, 2020","22.19","22.16","22.85","21.80","2.99M","0.12%"
"Feb 22, 2020","21.96","22.16","22.33","21.53","2.14M","-1.00%"
"Feb 23, 2020","22.86","21.94","22.94","21.94","3.05M","4.07%"
"Feb 24, 2020","22.07","22.82","23.24","21.50","2.30M","-3.45%"
"Feb 25, 2020","20.33","22.10","22.10","20.16","2.34M","-7.87%"
"Feb 26, 2020","18.72","20.30","20.50","18.05","3.77M","-7.93%"
"Feb 27, 2020","19.18","18.67","19.64","17.74","3.02M","2.48%"
"Feb 28, 2020","19.01","19.17","19.76","17.95","3.10M","-0.89%"
"Feb 29, 2020","19.25","19.03","20.28","18.83","3.57M","1.26%"
"Mar 01, 2020","18.94","19.23","19.89","18.50","2.39M","-1.63%"
"Mar 02, 2020","19.92","18.90","20.07","18.78","3.27M","5.16%"
"Mar 03, 2020","19.69","19.87","20.38","19.32","2.55M","-1.16%"
"Mar 04, 2020","19.95","19.73","20.25","19.53","2.41M","1.34%"
"Mar 05, 2020","20.77","19.94","21.44","19.94","3.09M","4.11%"
"Mar 06, 2020","21.35","20.69","21.75","20.69","3.23M","2.80%"
"Mar 07, 2020","20.24","21.34","21.44","19.73","2.38M","-5.19%"
"Mar 08, 2020","16.91","20.24","20.24","16.75","3.47M","-16.48%"
"Mar 09, 2020","16.60","16.91","17.47","15.63","4.05M","-1.83%"
"Mar 10, 2020","16.84","16.60","17.44","16.35","3.45M","1.45%"
"Mar 11, 2020","16.56","16.83","17.12","15.43","2.58M","-1.64%"
"Mar 12, 2020","9.28","16.56","16.60","9.00","8.80M","-43.96%"
"Mar 13, 2020","10.93","9.28","11.36","6.40","11.66M","17.75%"
"Mar 14, 2020","10.13","10.90","11.23","9.89","5.35M","-7.32%"
"Mar 15, 2020","10.38","10.15","11.22","9.99","6.42M","2.48%"
"Mar 16, 2020","9.41","10.39","10.39","8.49","5.82M","-9.41%"
"Mar 17, 2020","10.30","9.55","10.47","9.35","5.10M","9.48%"
"Mar 18, 2020","10.39","10.31","10.42","9.67","4.45M","0.92%"
"Mar 19, 2020","12.26","10.40","12.65","10.25","5.85M","18.02%"
"Mar 20, 2020","11.91","12.25","13.62","10.50","6.97M","-2.85%"
"Mar 21, 2020","12.10","11.92","12.42","11.28","5.81M","1.56%"
"Mar 22, 2020","11.18","12.09","12.45","11.05","4.56M","-7.64%"
"Mar 23, 2020","12.19","11.11","12.43","10.85","5.29M","9.05%"
"Mar 24, 2020","12.42","12.19","12.57","11.92","4.63M","1.89%"
"Mar 25, 2020","12.33","12.40","12.69","12.08","3.61M","-0.73%"
"Mar 26, 2020","13.21","12.34","13.25","12.20","3.44M","7.14%"
"Mar 27, 2020","12.33","13.20","13.36","12.18","2.78M","-6.62%"
"Mar 28, 2020","12.19","12.32","12.35","11.68","2.48M","-1.12%"
"Mar 29, 2020","11.30","12.20","12.24","11.30","2.31M","-7.31%"
"Mar 30, 2020","12.14","11.32","12.38","11.27","4.24M","7.37%"
"Mar 31, 2020","12.55","12.12","12.72","12.12","5.12M","3.41%"
"Apr 01, 2020","12.70","12.57","12.72","11.98","4.36M","1.20%"
"Apr 02, 2020","13.04","12.72","13.67","12.54","5.33M","2.64%"
"Apr 03, 2020","13.38","13.01","13.56","12.93","5.03M","2.61%"
"Apr 04, 2020","13.76","13.37","14.05","13.18","4.84M","2.87%"
"Apr 05, 2020","13.69","13.79","13.96","13.41","4.28M","-0.53%"
"Apr 06, 2020","15.18","13.67","15.19","13.64","5.58M","10.91%"
"Apr 07, 2020","14.73","15.17","15.49","14.26","4.72M","-3.00%"
"Apr 08, 2020","15.10","14.72","15.34","14.58","4.61M","2.52%"
"Apr 09, 2020","15.01","15.07","15.20","14.68","4.63M","-0.58%"
"Apr 10, 2020","13.72","15.01","15.07","13.48","4.00M","-8.59%"
"Apr 11, 2020","13.81","13.72","14.08","13.54","3.69M","0.65%"
"Apr 12, 2020","14.28","13.80","14.82","13.65","4.07M","3.41%"
"Apr 13, 2020","15.02","14.21","15.07","13.67","4.31M","5.18%"
"Apr 14, 2020","15.61","15.05","15.95","14.78","4.52M","3.94%"
"Apr 15, 2020","14.57","15.55","15.86","14.51","3.80M","-6.68%"
"Apr 16, 2020","15.72","14.55","15.76","14.14","4.07M","7.90%"
"Apr 17, 2020","15.63","15.68","15.92","15.26","3.15M","-0.58%"
"Apr 18, 2020","16.62","15.64","16.80","15.64","3.96M","6.32%"
"Apr 19, 2020","16.06","16.61","16.68","15.87","2.97M","-3.36%"
"Apr 20, 2020","14.96","16.07","16.45","14.87","3.22M","-6.86%"
"Apr 21, 2020","15.11","14.99","15.44","14.73","3.14M","1.02%"
"Apr 22, 2020","15.71","15.14","15.80","14.92","3.30M","3.99%"
"Apr 23, 2020","16.05","15.69","16.39","15.43","3.45M","2.17%"
"Apr 24, 2020","15.91","16.05","16.25","15.72","3.01M","-0.92%"
"Apr 25, 2020","16.23","15.93","16.39","15.78","2.95M","2.02%"
"Apr 26, 2020","16.36","16.20","16.44","16.10","3.32M","0.84%"
"Apr 27, 2020","16.42","16.40","16.56","16.08","2.94M","0.36%"
"Apr 28, 2020","16.34","16.42","16.49","16.14","2.84M","-0.49%"
"Apr 29, 2020","17.39","16.36","17.51","16.30","3.82M","6.42%"
"Apr 30, 2020","17.02","17.37","18.12","16.50","4.13M","-2.15%"
"May 01, 2020","17.46","16.95","17.85","16.95","3.80M","2.60%"
"May 02, 2020","17.53","17.38","17.57","17.30","3.01M","0.43%"
"May 03, 2020","17.11","17.54","17.79","16.87","2.62M","-2.44%"
"May 04, 2020","17.02","17.08","17.28","16.32","2.76M","-0.51%"
"May 05, 2020","16.89","17.05","17.29","16.61","2.61M","-0.78%"
"May 06, 2020","16.38","16.88","17.13","16.33","2.72M","-2.99%"
"May 07, 2020","16.99","16.31","17.24","16.16","3.03M","3.70%"
"May 08, 2020","17.14","17.02","17.40","16.83","2.62M","0.88%"
"May 09, 2020","16.82","17.13","17.49","16.82","2.23M","-1.89%"
"May 10, 2020","15.37","16.77","16.78","14.02","2.91M","-8.57%"
"May 11, 2020","15.15","15.36","15.54","14.14","2.73M","-1.48%"
"May 12, 2020","15.77","15.08","16.22","14.98","3.03M","4.12%"
"May 13, 2020","16.22","15.71","16.34","15.68","2.81M","2.84%"
"May 14, 2020","16.38","16.21","16.69","16.03","2.80M","0.98%"
"May 15, 2020","15.70","16.35","16.47","15.58","2.31M","-4.12%"
"May 16, 2020","16.06","15.71","16.23","15.59","2.73M","2.26%"
"May 17, 2020","16.30","16.01","16.50","16.01","2.89M","1.51%"
"May 18, 2020","16.63","16.27","16.85","16.25","3.12M","2.02%"
"May 19, 2020","17.20","16.63","17.23","16.30","3.25M","3.45%"
"May 20, 2020","16.90","17.20","17.33","16.54","2.40M","-1.80%"
"May 21, 2020","16.09","16.90","17.05","15.76","2.16M","-4.76%"
"May 22, 2020","16.60","16.08","16.89","15.92","2.52M","3.14%"
"May 23, 2020","16.47","16.59","16.84","16.33","2.30M","-0.76%"
"May 24, 2020","16.01","16.46","16.79","16.01","2.27M","-2.78%"
"May 25, 2020","16.38","15.97","16.41","15.87","2.36M","2.30%"
"May 26, 2020","16.22","16.39","16.48","15.96","2.01M","-0.99%"
"May 27, 2020","16.46","16.21","16.50","16.16","2.61M","1.52%"
"May 28, 2020","17.07","16.45","17.14","16.40","2.87M","3.68%"
"May 29, 2020","17.00","17.12","17.18","16.69","2.60M","-0.38%"
"May 30, 2020","17.73","17.02","17.78","16.93","2.97M","4.28%"
"May 31, 2020","17.12","17.75","18.17","16.87","2.61M","-3.47%"
"Jun 01, 2020","17.93","17.08","18.10","16.99","2.99M","4.73%"
"Jun 02, 2020","17.28","17.95","18.20","16.77","2.54M","-3.58%"
"Jun 03, 2020","17.55","17.27","17.63","17.04","2.65M","1.54%"
"Jun 04, 2020","17.52","17.60","17.65","17.08","2.32M","-0.14%"
"Jun 05, 2020","17.69","17.51","17.88","17.45","2.45M","0.96%"
"Jun 06, 2020","17.55","17.60","17.79","17.51","2.11M","-0.83%"
"Jun 07, 2020","17.42","17.54","17.63","16.90","1.82M","-0.73%"
"Jun 08, 2020","17.42","17.42","17.53","17.27","1.66M","0.00%"
"Jun 09, 2020","17.37","17.44","17.51","17.14","1.63M","-0.26%"
"Jun 10, 2020","17.41","17.34","17.57","17.26","1.81M","0.19%"
"Jun 11, 2020","16.22","17.41","17.51","16.00","1.80M","-6.83%"
"Jun 12, 2020","16.64","16.21","16.77","16.10","1.93M","2.62%"
"Jun 13, 2020","16.81","16.64","16.81","16.50","2.02M","1.02%"
"Jun 14, 2020","16.56","16.81","16.84","16.42","1.70M","-1.49%"
"Jun 15, 2020","16.38","16.56","16.60","15.54","1.52M","-1.09%"
"Jun 16, 2020","16.43","16.39","16.62","16.16","1.61M","0.30%"
"Jun 17, 2020","16.40","16.44","16.62","16.01","1.50M","-0.18%"
"Jun 18, 2020","16.16","16.39","16.53","15.90","1.38M","-1.48%"
"Jun 19, 2020","15.96","16.15","16.28","15.90","1.32M","-1.20%"
"Jun 20, 2020","16.06","15.91","16.09","15.70","1.43M","0.61%"
"Jun 21, 2020","15.97","16.07","16.31","15.95","1.32M","-0.55%"
"Jun 22, 2020","16.50","15.98","16.53","15.96","1.71M","3.32%"
"Jun 23, 2020","16.39","16.50","16.54","16.28","1.45M","-0.67%"
"Jun 24, 2020","16.00","16.38","16.64","15.98","1.53M","-2.36%"
"Jun 25, 2020","15.91","15.99","16.08","15.51","1.20M","-0.58%"
"Jun 26, 2020","15.77","15.89","16.00","15.58","1.04M","-0.88%"
"Jun 27, 2020","15.13","15.76","15.87","14.84","1.31M","-4.03%"
"Jun 28, 2020","15.40","15.12","15.49","14.93","1.40M","1.74%"
"Jun 29, 2020","15.46","15.38","15.59","15.21","1.51M","0.41%"
"Jun 30, 2020","15.41","15.49","15.54","15.26","1.31M","-0.30%"
"Jul 01, 2020","15.81","15.39","15.88","15.34","1.61M","2.60%"
"Jul 02, 2020","15.36","15.80","15.96","15.09","1.40M","-2.90%"
"Jul 03, 2020","15.28","15.36","15.49","15.26","1.21M","-0.50%"
"Jul 04, 2020","15.56","15.28","15.62","15.23","1.32M","1.83%"
"Jul 05, 2020","15.51","15.55","15.61","15.29","1.12M","-0.32%"
"Jul 06, 2020","16.30","15.50","16.30","15.50","1.61M","5.11%"
"Jul 07, 2020","16.80","16.30","16.80","16.17","1.88M","3.08%"
"Jul 08, 2020","17.26","16.81","17.40","16.81","2.27M","2.73%"
"Jul 09, 2020","16.84","17.28","17.28","16.65","1.87M","-2.45%"
"Jul 10, 2020","17.30","16.84","17.30","16.59","2.10M","2.74%"
"Jul 11, 2020","17.62","17.33","17.62","17.20","2.32M","1.86%"
"Jul 12, 2020","18.30","17.61","18.38","17.61","2.99M","3.87%"
"Jul 13, 2020","18.42","18.31","18.77","17.99","3.23M","0.65%"
"Jul 14, 2020","18.10","18.35","18.41","17.97","2.38M","-1.77%"
"Jul 15, 2020","17.63","18.07","18.07","17.48","1.96M","-2.57%"
"Jul 16, 2020","17.15","17.65","17.65","16.81","2.05M","-2.71%"
"Jul 17, 2020","17.08","17.15","17.37","17.04","1.86M","-0.45%"
"Jul 18, 2020","17.13","17.06","17.22","16.94","1.69M","0.31%"
"Jul 19, 2020","18.01","17.15","18.01","16.93","2.60M","5.13%"
"Jul 20, 2020","17.47","18.03","18.20","17.45","2.49M","-2.98%"
"Jul 21, 2020","17.72","17.44","17.88","17.44","2.11M","1.42%"
"Jul 22, 2020","18.10","17.71","18.10","17.59","2.17M","2.17%"
"Jul 23, 2020","18.76","18.09","18.76","18.09","2.39M","3.63%"
"Jul 24, 2020","19.18","18.75","19.35","18.39","2.79M","2.25%"
"Jul 25, 2020","19.80","19.19","19.81","19.19","2.96M","3.23%"
"Jul 26, 2020","19.56","19.77","20.19","19.47","2.86M","-1.25%"
"Jul 27, 2020","19.80","19.55","19.80","18.74","3.84M","1.25%"
"Jul 28, 2020","20.17","19.76","20.36","19.73","3.52M","1.84%"
"Jul 29, 2020","19.82","20.17","20.22","19.82","2.23M","-1.71%"
"Jul 30, 2020","19.99","19.76","20.02","19.66","2.06M","0.83%"
"Jul 31, 2020","20.67","19.96","20.68","19.96","2.24M","3.44%"
"Aug 01, 2020","21.62","20.71","21.62","20.71","2.66M","4.61%"
"Aug 02, 2020","21.01","21.62","21.92","20.22","3.36M","-2.83%"
"Aug 03, 2020","22.06","21.00","22.37","21.00","2.67M","5.00%"
"Aug 04, 2020","22.30","22.05","22.37","21.77","2.39M","1.06%"
"Aug 05, 2020","23.28","22.31","23.32","22.20","3.69M","4.39%"
"Aug 06, 2020","22.75","23.28","23.28","22.75","2.45M","-2.28%"
"Aug 07, 2020","22.35","22.72","22.95","22.03","2.77M","-1.76%"
"Aug 08, 2020","22.92","22.27","22.92","22.01","2.41M","2.59%"
"Aug 09, 2020","22.45","22.91","22.91","22.21","2.11M","-2.07%"
"Aug 10, 2020","22.63","22.40","22.63","22.35","2.11M","0.79%"
"Aug 11, 2020","21.25","22.65","22.65","21.01","3.21M","-6.09%"
"Aug 12, 2020","21.49","21.31","21.88","20.89","2.46M","1.14%"
"Aug 13, 2020","21.78","21.49","21.78","20.77","3.08M","1.34%"
"Aug 14, 2020","23.11","21.84","23.18","21.43","3.82M","6.10%"
"Aug 15, 2020","23.00","23.18","23.65","23.00","2.74M","-0.45%"
"Aug 16, 2020","23.49","23.09","23.62","23.01","2.72M","2.11%"
"Aug 17, 2020","23.50","23.53","23.74","23.12","2.42M","0.06%"
"Aug 18, 2020","23.02","23.46","23.59","22.92","2.53M","-2.08%"
"Aug 19, 2020","22.35","22.98","22.98","22.05","2.13M","-2.91%"
"Aug 20, 2020","23.06","22.39","23.15","22.18","2.24M","3.22%"
"Aug 21, 2020","22.06","23.09","23.16","22.02","2.50M","-4.37%"
"Aug 22, 2020","22.20","22.10","22.20","21.55","1.89M","0.65%"
"Aug 23, 2020","21.83","22.20","22.20","21.58","1.62M","-1.69%"
"Aug 24, 2020","22.60","21.86","22.75","21.86","1.88M","3.55%"
"Aug 25, 2020","21.40","22.59","22.59","21.03","2.27M","-5.32%"
"Aug 26, 2020","22.21","21.39","22.36","21.39","2.50M","3.77%"
"Aug 27, 2020","23.11","22.20","23.11","22.06","2.93M","4.06%"
"Aug 28, 2020","23.06","23.15","23.43","22.79","2.55M","-0.20%"
"Aug 29, 2020","22.94","23.10","23.41","22.88","1.85M","-0.52%"
"Aug 30, 2020","23.63","22.99","23.74","22.99","1.91M","3.02%"
"Aug 31, 2020","23.14","23.66","23.72","23.14","1.77M","-2.09%"
"Sep 01, 2020","24.72","23.15","25.03","22.96","4.44M","6.83%"
"Sep 02, 2020","24.70","24.73","25.35","24.09","5.88M","-0.08%"
"Sep 03, 2020","20.32","24.72","25.22","20.32","7.21M","-17.73%"
"Sep 04, 2020","20.95","20.33","21.45","20.33","5.33M","3.12%"
"Sep 05, 2020","19.47","20.95","21.20","18.63","4.59M","-7.09%"
"Sep 06, 2020","23.18","19.37","23.18","19.14","8.11M","19.06%"
"Sep 07, 2020","22.45","23.11","23.11","20.45","5.46M","-3.16%"
"Sep 08, 2020","23.23","22.49","23.23","21.82","5.16M","3.49%"
"Sep 09, 2020","24.50","23.23","24.50","22.72","4.02M","5.45%"
"Sep 10, 2020","24.54","24.52","25.24","24.22","4.20M","0.16%"
"Sep 11, 2020","25.41","24.44","25.41","23.41","3.62M","3.57%"
"Sep 12, 2020","28.51","25.40","28.51","25.40","6.54M","12.17%"
"Sep 13, 2020","31.17","28.32","31.48","28.32","10.64M","9.33%"
"Sep 14, 2020","31.11","31.15","33.00","29.52","9.03M","-0.16%"
"Sep 15, 2020","27.11","30.94","30.94","27.11","7.95M","-12.85%"
"Sep 16, 2020","27.82","27.14","27.87","26.24","5.78M","2.59%"
"Sep 17, 2020","27.06","27.78","27.84","26.42","4.62M","-2.72%"
"Sep 18, 2020","27.68","27.10","28.07","26.88","4.25M","2.31%"
"Sep 19, 2020","27.20","27.46","27.46","26.68","2.43M","-1.74%"
"Sep 20, 2020","26.32","27.14","27.14","26.01","2.85M","-3.26%"
"Sep 21, 2020","23.01","26.07","26.48","23.01","5.25M","-12.55%"
"Sep 22, 2020","24.04","23.07","24.19","23.07","3.30M","4.44%"
"Sep 23, 2020","22.81","24.05","24.05","22.68","3.13M","-5.11%"
"Sep 24, 2020","24.58","22.81","24.58","22.81","3.29M","7.76%"
"Sep 25, 2020","24.68","24.55","24.81","24.09","2.83M","0.42%"
"Sep 26, 2020","26.20","24.72","26.20","24.56","3.12M","6.16%"
"Sep 27, 2020","26.23","26.13","26.60","25.98","2.56M","0.11%"
"Sep 28, 2020","26.99","26.26","27.69","26.26","3.22M","2.89%"
"Sep 29, 2020","28.79","26.94","28.79","26.94","3.64M","6.69%"
"Sep 30, 2020","29.27","28.85","29.27","28.25","3.11M","1.66%"
"Oct 01, 2020","27.49","29.27","29.27","27.36","4.05M","-6.09%"
"Oct 02, 2020","27.30","27.45","27.71","26.37","4.14M","-0.68%"
"Oct 03, 2020","28.19","27.30","28.19","27.30","2.95M","3.24%"
"Oct 04, 2020","29.02","28.10","29.02","28.10","3.10M","2.97%"
"Oct 05, 2020","28.57","28.93","29.15","28.36","2.27M","-1.56%"
"Oct 06, 2020","27.69","28.62","28.98","27.63","2.81M","-3.07%"
"Oct 07, 2020","27.70","27.65","27.73","27.21","2.06M","0.04%"
"Oct 08, 2020","27.69","27.68","27.69","26.76","2.48M","-0.05%"
"Oct 09, 2020","28.38","27.72","28.44","27.57","2.59M","2.51%"
"Oct 10, 2020","28.38","28.40","29.11","28.33","2.40M","0.00%"
"Oct 11, 2020","28.52","28.41","28.56","28.09","2.34M","0.51%"
"Oct 12, 2020","30.66","28.52","30.82","28.52","4.36M","7.47%"
"Oct 13, 2020","30.73","30.52","31.34","30.52","3.34M","0.23%"
"Oct 14, 2020","30.84","30.64","31.05","30.43","2.47M","0.38%"
"Oct 15, 2020","31.30","30.84","31.31","30.84","2.68M","1.50%"
"Oct 16, 2020","30.01","31.24","31.67","29.95","2.97M","-4.15%"
"Oct 17, 2020","30.23","30.04","30.48","30.04","1.86M","0.74%"
"Oct 18, 2020","30.66","30.19","30.77","30.19","2.27M","1.44%"
"Oct 19, 2020","29.92","30.59","30.59","29.92","1.75M","-2.43%"
"Oct 20, 2020","28.78","29.92","30.05","28.63","2.58M","-3.80%"
"Oct 21, 2020","29.74","28.73","30.06","28.73","2.66M","3.34%"
"Oct 22, 2020","30.65","29.72","31.04","29.72","2.83M","3.04%"
"Oct 23, 2020","30.63","30.59","31.03","30.29","2.03M","-0.03%"
"Oct 24, 2020","30.64","30.57","30.81","30.57","1.62M","0.00%"
"Oct 25, 2020","30.15","30.59","30.70","30.07","1.49M","-1.59%"
"Oct 26, 2020","31.04","30.09","31.22","30.09","2.65M","2.96%"
"Oct 27, 2020","31.49","31.03","31.98","31.03","2.89M","1.43%"
"Oct 28, 2020","30.33","31.47","31.70","30.19","2.21M","-3.67%"
"Oct 29, 2020","29.86","30.33","30.33","29.86","1.98M","-1.54%"
"Oct 30, 2020","28.49","29.84","29.97","27.87","3.21M","-4.61%"
"Oct 31, 2020","28.51","28.51","28.75","28.37","1.98M","0.09%"
"Nov 01, 2020","28.51","28.42","28.51","28.16","1.91M","0.00%"
"Nov 02, 2020","27.80","28.55","28.76","27.80","2.13M","-2.50%"
"Nov 03, 2020","26.87","27.75","27.75","26.44","2.59M","-3.33%"
"Nov 04, 2020","26.94","26.89","26.94","26.27","2.04M","0.26%"
"Nov 05, 2020","27.69","26.98","27.84","26.86","2.40M","2.79%"
"Nov 06, 2020","29.07","27.69","29.08","27.69","2.74M","4.96%"
"Nov 07, 2020","27.75","29.02","29.79","27.61","3.09M","-4.53%"
"Nov 08, 2020","28.38","27.63","28.53","27.63","2.30M","2.27%"
"Nov 09, 2020","28.09","28.41","28.86","27.94","2.15M","-1.03%"
"Nov 10, 2020","28.21","27.94","28.22","27.74","2.17M","0.43%"
"Nov 11, 2020","27.99","28.21","28.28","27.99","1.97M","-0.78%"
"Nov 12, 2020","27.70","28.01","28.01","27.46","1.66M","-1.02%"
"Nov 13, 2020","28.20","27.65","28.38","27.58","1.94M","1.79%"
"Nov 14, 2020","27.92","28.13","28.14","27.53","1.50M","-1.00%"
"Nov 15, 2020","27.66","27.95","28.04","27.21","1.44M","-0.91%"
"Nov 16, 2020","27.97","27.62","28.14","27.61","1.69M","1.09%"
"Nov 17, 2020","28.56","27.95","28.67","27.95","2.24M","2.11%"
"Nov 18, 2020","28.06","28.52","28.55","27.70","2.22M","-1.73%"
"Nov 19, 2020","28.08","28.11","28.24","27.80","2.02M","0.05%"
"Nov 20, 2020","28.95","28.13","29.10","28.13","2.49M","3.12%"
"Nov 21, 2020","30.50","28.90","30.50","28.54","3.16M","5.33%"
"Nov 22, 2020","30.04","30.54","30.54","29.57","2.84M","-1.50%"
"Nov 23, 2020","30.98","30.06","30.98","29.88","2.92M","3.13%"
"Nov 24, 2020","33.93","31.00","33.93","31.00","7.29M","9.52%"
"Nov 25, 2020","31.29","33.85","34.71","31.29","4.59M","-7.77%"
"Nov 26, 2020","28.22","31.21","31.50","27.31","6.24M","-9.83%"
"Nov 27, 2020","28.46","28.23","28.59","27.72","2.32M","0.85%"
"Nov 28, 2020","29.15","28.48","29.42","28.09","2.64M","2.45%"
"Nov 29, 2020","30.10","29.12","30.25","29.00","2.86M","3.25%"
"Nov 30, 2020","31.50","30.10","31.50","30.05","2.97M","4.65%"
"Dec 01, 2020","30.13","31.49","31.85","30.09","3.14M","-4.35%"
"Dec 02, 2020","30.30","30.07","30.58","30.07","2.37M","0.56%"
"Dec 03, 2020","30.70","30.25","30.70","30.03","1.92M","1.33%"
"Dec 04, 2020","29.02","30.67","30.67","29.02","2.06M","-5.45%"
"Dec 05, 2020","29.73","29.00","29.86","29.00","1.83M","2.44%"
"Dec 06, 2020","29.50","29.69","29.69","29.17","1.33M","-0.78%"
"Dec 07, 2020","29.36","29.49","29.53","29.28","1.23M","-0.46%"
"Dec 08, 2020","27.68","29.34","29.35","27.61","1.84M","-5.75%"
"Dec 09, 2020","28.15","27.66","28.26","27.46","1.64M","1.72%"
"Dec 10, 2020","27.66","28.16","28.16","27.59","1.34M","-1.75%"
"Dec 11, 2020","27.33","27.72","27.72","27.02","1.25M","-1.20%"
"Dec 12, 2020","28.14","27.31","28.14","27.31","1.30M","2.97%"
"Dec 13, 2020","29.13","28.17","29.19","28.16","1.64M","3.53%"
"Dec 14, 2020","30.03","29.11","30.03","28.79","2.03M","3.07%"
"Dec 15, 2020","29.52","30.05","30.05","29.42","1.62M","-1.70%"
"Dec 16, 2020","30.57","29.50","30.58","29.10","2.16M","3.55%"
"Dec 17, 2020","30.22","30.48","31.29","30.20","3.27M","-1.14%"
"Dec 18, 2020","30.96","30.20","30.96","30.20","2.04M","2.44%"
"Dec 19, 2020","33.30","30.92","33.95","30.92","4.12M","7.58%"
"Dec 20, 2020","34.27","33.28","35.19","33.28","4.48M","2.90%"
"Dec 21, 2020","32.16","34.18","35.59","31.58","4.55M","-6.14%"
"Dec 22, 2020","33.53","32.05","33.53","31.72","3.57M","4.26%"
"Dec 23, 2020","31.19","33.47","34.34","31.19","3.94M","-6.98%"
"Dec 24, 2020","32.52","31.19","32.52","30.75","3.00M","4.24%"
"Dec 25, 2020","33.18","32.50","33.26","32.32","2.60M","2.04%"
"Dec 26, 2020","33.58","33.20","33.63","32.92","2.42M","1.21%"
"Dec 27, 2020","33.64","33.60","34.58","33.23","3.75M","0.17%"
"Dec 28, 2020","35.94","33.64","35.94","33.64","4.12M","6.83%"
"Dec 29, 2020","39.10","35.97","39.10","35.97","7.02M","8.81%"
"Dec 30, 2020","38.09","39.13","39.13","37.09","2.42M","-2.59%"
"Dec 31, 2020","37.33","38.17","38.17","36.80","1.89M","-1.99%"
"Jan 01, 2021","37.73","37.36","38.64","37.07","2.43M","1.06%"
"Jan 02, 2021","38.24","37.66","38.78","37.10","3.02M","1.37%"
"Jan 03, 2021","41.22","38.22","41.22","37.98","4.90M","7.78%"
"Jan 04, 2021","41.10","41.37","42.35","39.63","5.30M","-0.28%"
"Jan 05, 2021","41.79","41.02","41.79","39.68","3.51M","1.67%"
"Jan 06, 2021","42.24","41.73","42.24","40.82","3.78M","1.07%"
"Jan 07, 2021","43.65","42.31","44.12","41.73","5.02M","3.35%"
"Jan 08, 2021","42.33","43.52","43.52","41.63","3.56M","-3.04%"
"Jan 09, 2021","43.81","42.39","43.92","41.71","2.72M","3.51%"
"Jan 10, 2021","42.43","43.96","44.66","41.14","4.28M","-3.15%"
"Jan 11, 2021","38.17","42.39","42.39","35.60","6.37M","-10.05%"
"Jan 12, 2021","38.26","38.13","39.44","37.84","3.26M","0.24%"
"Jan 13, 2021","40.12","38.25","40.12","37.82","3.51M","4.88%"
"Jan 14, 2021","41.88","40.09","41.88","39.94","3.31M","4.38%"
"Jan 15, 2021","40.92","41.91","42.10","40.17","3.43M","-2.31%"
"Jan 16, 2021","43.10","40.91","43.75","40.91","3.25M","5.33%"
"Jan 17, 2021","45.90","42.92","46.24","41.35","3.88M","6.51%"
"Jan 18, 2021","45.36","46.13","46.45","44.21","3.07M","-1.20%"
"Jan 19, 2021","42.62","45.36","45.49","42.48","5.15M","-6.03%"
"Jan 20, 2021","42.57","42.54","42.63","41.01","3.71M","-0.11%"
"Jan 21, 2021","38.69","42.60","42.60","38.69","3.46M","-9.11%"
"Jan 22, 2021","40.87","38.69","41.02","37.79","3.08M","5.61%"
"Jan 23, 2021","40.92","40.67","41.47","39.95","2.54M","0.12%"
"Jan 24, 2021","41.83","40.86","42.05","40.86","2.34M","2.22%"
"Jan 25, 2021","41.78","41.86","43.05","41.34","2.77M","-0.12%"
"Jan 26, 2021","41.72","41.46","41.98","40.28","2.76M","-0.14%"
"Jan 27, 2021","40.98","41.84","41.84","40.57","2.65M","-1.77%"
"Jan 28, 2021","42.48","40.71","42.69","40.71","2.98M","3.65%"
"Jan 29, 2021","42.87","42.49","43.98","42.40","3.44M","0.93%"
"Jan 30, 2021","44.76","42.89","45.01","42.89","2.77M","4.40%"
"Jan 31, 2021","44.33","44.80","45.25","43.65","2.43M","-0.96%"
"Feb 01, 2021","51.41","44.23","51.41","44.00","6.10M","15.98%"
"Feb 02, 2021","50.99","51.34","52.26","49.95","4.67M","-0.81%"
"Feb 03, 2021","52.12","50.91","52.30","50.22","2.95M","2.21%"
"Feb 04, 2021","55.92","52.24","56.89","52.24","4.00M","7.28%"
"Feb 05, 2021","67.76","56.15","68.26","56.15","5.04M","21.18%"
"Feb 06, 2021","72.57","67.46","74.81","64.97","8.48M","7.10%"
"Feb 07, 2021","68.40","72.86","73.62","66.73","5.97M","-5.75%"
"Feb 08, 2021","79.73","68.15","79.73","68.15","7.86M","16.56%"
"Feb 09, 2021","107.61","79.99","109.22","78.68","12.49M","34.97%"
"Feb 10, 2021","128.71","107.96","146.74","107.96","16.61M","19.61%"
"Feb 11, 2021","124.04","129.30","129.30","120.24","5.92M","-3.62%"
"Feb 12, 2021","136.67","124.42","136.67","122.92","5.63M","10.18%"
"Feb 13, 2021","133.09","137.38","137.38","128.27","3.79M","-2.62%"
"Feb 14, 2021","135.99","133.62","137.90","129.83","4.41M","2.18%"
"Feb 15, 2021","130.00","135.86","135.86","121.19","4.77M","-4.40%"
"Feb 16, 2021","130.10","129.48","131.31","128.07","3.26M","0.07%"
"Feb 17, 2021","165.38","129.83","170.58","128.37","10.18M","27.12%"
"Feb 18, 2021","195.76","166.18","197.15","165.96","11.23M","18.37%"
"Feb 19, 2021","332.73","196.29","332.73","196.29","20.19M","69.97%"
"Feb 20, 2021","254.41","334.13","334.13","254.41","13.49M","-23.54%"
"Feb 21, 2021","293.80","254.92","298.78","254.92","10.65M","15.48%"
"Feb 22, 2021","267.46","295.13","295.13","246.49","12.61M","-8.97%"
"Feb 23, 2021","231.72","268.51","268.51","206.15","15.88M","-13.36%"
"Feb 24, 2021","254.27","229.87","275.56","226.37","11.78M","9.73%"
"Feb 25, 2021","233.69","254.12","257.20","233.69","6.87M","-8.09%"
"Feb 26, 2021","222.11","234.29","234.44","212.25","7.41M","-4.96%"
"Feb 27, 2021","225.56","221.54","230.64","221.54","4.19M","1.55%"
"Feb 28, 2021","210.05","223.52","226.58","199.30","5.68M","-6.88%"
"Mar 01, 2021","254.73","211.22","255.58","211.22","7.91M","21.27%"
"Mar 02, 2021","239.46","254.95","254.95","232.80","5.38M","-5.99%"
"Mar 03, 2021","240.85","239.18","251.39","239.18","4.28M","0.58%"
"Mar 04, 2021","229.71","240.61","243.63","228.82","4.00M","-4.63%"
"Mar 05, 2021","225.67","229.37","229.37","218.74","3.65M","-1.76%"
"Mar 06, 2021","226.27","225.83","228.91","222.56","2.66M","0.27%"
"Mar 07, 2021","240.04","226.60","240.04","226.60","3.52M","6.09%"
"Mar 08, 2021","240.61","239.76","242.28","231.14","3.05M","0.24%"
"Mar 09, 2021","293.00","240.41","293.00","236.90","7.94M","21.77%"
"Mar 10, 2021","278.13","294.67","294.67","273.71","6.01M","-5.08%"
"Mar 11, 2021","290.07","279.70","292.80","274.57","6.60M","4.29%"
"Mar 12, 2021","263.43","290.22","290.22","259.22","5.91M","-9.18%"
"Mar 13, 2021","275.89","263.06","280.39","259.69","3.90M","4.73%"
"Mar 14, 2021","264.27","276.24","276.24","264.27","2.43M","-4.21%"
"Mar 15, 2021","254.22","264.49","266.36","254.22","3.36M","-3.80%"
"Mar 16, 2021","258.29","255.03","258.29","246.96","3.01M","1.60%"
"Mar 17, 2021","269.85","258.38","269.85","250.06","2.86M","4.48%"
"Mar 18, 2021","261.30","270.93","275.99","261.30","3.15M","-3.17%"
"Mar 19, 2021","263.15","261.51","267.00","261.51","2.26M","0.71%"
"Mar 20, 2021","264.41","262.56","270.21","262.56","2.38M","0.48%"
"Mar 21, 2021","264.75","263.26","267.42","259.10","1.97M","0.13%"
"Mar 22, 2021","255.04","265.17","269.59","255.04","3.26M","-3.67%"
"Mar 23, 2021","255.43","254.86","261.10","254.00","2.59M","0.15%"
"Mar 24, 2021","248.59","254.73","267.49","248.13","3.27M","-2.68%"
"Mar 25, 2021","233.94","248.54","248.54","230.30","3.50M","-5.89%"
"Mar 26, 2021","254.99","234.37","254.99","234.37","2.64M","9.00%"
"Mar 27, 2021","269.32","255.33","272.76","252.17","3.09M","5.62%"
"Mar 28, 2021","268.90","270.77","278.75","263.87","3.27M","-0.15%"
"Mar 29, 2021","275.13","268.54","275.79","267.22","2.73M","2.32%"
"Mar 30, 2021","311.41","275.32","311.41","272.00","5.53M","13.19%"
"Mar 31, 2021","302.18","310.47","311.66","293.23","4.72M","-2.96%"
"Apr 01, 2021","334.33","303.03","334.33","303.03","4.39M","10.64%"
"Apr 02, 2021","338.27","335.70","353.31","333.29","4.21M","1.18%"
"Apr 03, 2021","321.91","338.87","348.44","321.91","3.10M","-4.83%"
"Apr 04, 2021","349.37","319.25","351.60","319.25","2.72M","8.53%"
"Apr 05, 2021","367.38","349.28","373.99","338.19","3.49M","5.15%"
"Apr 06, 2021","402.68","368.43","405.23","366.57","4.48M","9.61%"
"Apr 07, 2021","375.48","403.65","410.64","368.12","6.18M","-6.75%"
"Apr 08, 2021","417.71","375.98","421.41","375.98","4.09M","11.25%"
"Apr 09, 2021","453.50","418.61","453.50","409.23","3.67M","8.57%"
"Apr 10, 2021","472.26","453.84","481.68","452.70","4.66M","4.14%"
"Apr 11, 2021","525.59","471.57","525.59","467.04","3.64M","11.29%"
"Apr 12, 2021","598.69","526.91","598.69","520.90","9.28M","13.91%"
"Apr 13, 2021","550.14","596.62","596.62","544.93","5.45M","-8.11%"
"Apr 14, 2021","549.63","553.50","580.99","536.89","4.21M","-0.09%"
"Apr 15, 2021","542.32","549.56","550.26","539.62","2.32M","-1.33%"
"Apr 16, 2021","508.27","542.25","542.42","508.27","4.19M","-6.28%"
"Apr 17, 2021","515.13","509.96","540.59","509.96","2.95M","1.35%"
"Apr 18, 2021","481.46","516.41","516.41","442.20","4.47M","-6.54%"
"Apr 19, 2021","504.01","481.42","532.79","481.42","5.03M","4.68%"
"Apr 20, 2021","587.50","505.68","587.50","488.16","5.73M","16.56%"
"Apr 21, 2021","543.28","588.67","594.46","543.28","5.69M","-7.53%"
"Apr 22, 2021","505.74","545.51","577.56","505.74","6.38M","-6.91%"
"Apr 23, 2021","526.54","505.00","526.54","473.80","6.86M","4.11%"
"Apr 24, 2021","497.52","526.56","526.56","491.53","3.00M","-5.51%"
"Apr 25, 2021","504.26","497.91","511.82","487.73","2.49M","1.36%"
"Apr 26, 2021","535.26","504.87","541.71","504.87","3.10M","6.15%"
"Apr 27, 2021","568.84","532.48","568.84","529.70","2.81M","6.27%"
"Apr 28, 2021","562.52","569.03","573.61","550.88","2.38M","-1.11%"
"Apr 29, 2021","599.95","563.24","605.06","563.24","4.34M","6.65%"
"Apr 30, 2021","623.31","600.06","623.31","598.74","3.43M","3.89%"
"May 01, 2021","619.91","622.83","638.15","618.24","2.43M","-0.55%"
"May 02, 2021","621.96","619.41","626.81","606.45","2.07M","0.33%"
"May 03, 2021","676.12","621.65","676.12","621.65","2.87M","8.71%"
"May 04, 2021","620.95","677.41","677.41","620.95","3.76M","-8.16%"
"May 05, 2021","650.85","627.45","650.85","627.45","2.27M","4.82%"
"May 06, 2021","634.00","651.43","651.56","629.00","2.07M","-2.59%"
"May 07, 2021","623.99","633.92","634.24","614.55","1.98M","-1.58%"
"May 08, 2021","646.17","624.14","650.00","623.07","2.19M","3.55%"
"May 09, 2021","661.64","645.86","673.56","637.04","2.34M","2.39%"
"May 10, 2021","631.68","661.47","684.83","619.87","3.07M","-4.53%"
"May 11, 2021","671.62","630.50","671.62","626.04","2.64M","6.32%"
"May 12, 2021","585.38","670.01","679.99","585.38","2.81M","-12.84%"
"May 13, 2021","571.81","590.27","622.86","555.57","5.50M","-2.32%"
"May 14, 2021","602.42","569.46","610.15","569.46","2.19M","5.35%"
"May 15, 2021","562.84","601.83","606.50","562.84","2.26M","-6.57%"
"May 16, 2021","563.37","565.01","603.14","537.49","2.94M","0.09%"
"May 17, 2021","511.78","562.60","562.60","500.61","4.03M","-9.16%"
"May 18, 2021","508.31","512.52","530.60","499.27","2.72M","-0.68%"
"May 19, 2021","334.98","509.67","509.67","326.84","11.50M","-34.10%"
"May 20, 2021","392.72","340.00","412.24","313.67","8.12M","17.24%"
"May 21, 2021","326.47","391.13","408.43","300.74","8.83M","-16.87%"
"May 22, 2021","299.23","324.57","332.00","288.92","5.30M","-8.34%"
"May 23, 2021","261.61","299.33","306.37","223.77","8.80M","-12.57%"
"May 24, 2021","345.46","261.09","345.46","261.09","7.79M","32.05%"
"May 25, 2021","343.78","344.20","353.59","318.24","7.64M","-0.49%"
"May 26, 2021","379.20","343.85","379.20","343.85","5.34M","10.30%"
"May 27, 2021","367.39","378.11","383.60","347.67","4.28M","-3.11%"
"May 28, 2021","329.33","369.90","369.90","319.62","5.25M","-10.36%"
"May 29, 2021","304.77","328.97","342.49","299.37","3.76M","-7.46%"
"May 30, 2021","325.58","305.30","333.93","297.20","3.74M","6.83%"
"May 31, 2021","353.73","323.46","353.73","311.26","4.11M","8.65%"
"Jun 01, 2021","362.37","353.59","362.37","346.74","3.65M","2.44%"
"Jun 02, 2021","401.10","364.57","412.41","355.20","4.38M","10.69%"
"Jun 03, 2021","427.55","401.20","427.55","398.66","4.21M","6.59%"
"Jun 04, 2021","390.62","428.57","428.57","369.80","4.93M","-8.64%"
"Jun 05, 2021","390.10","391.74","420.52","387.62","3.98M","-0.13%"
"Jun 06, 2021","393.20","390.05","398.90","386.72","1.86M","0.79%"
"Jun 07, 2021","387.89","394.13","406.03","387.89","2.18M","-1.35%"