,rf_model_3_prediction_1,rf_model_3_prediction_2,rf_model_3_prediction_3,rf_model_3_prediction_4,rf_model_3_prediction_5,rf_model_3_prediction_6,rf_model_3_prediction_7,rf_model_3_prediction_8,rf_model_3_prediction_9,rf_model_3_prediction_10,rf_model_3_prediction_11,rf_model_3_prediction_12,rf_model_3_prediction_13,rf_model_3_prediction_14,rf_model_3_prediction_15,rf_model_3_prediction_16,rf_model_3_prediction_17,rf_model_3_prediction_18,rf_model_3_prediction_19,rf_model_3_prediction_20,rf_model_3_prediction_21,rf_model_3_prediction_22,rf_model_3_prediction_23,rf_model_3_prediction_24,rf_model_3_prediction_25,rf_model_3_prediction_26,rf_model_3_prediction_27,rf_model_3_prediction_28,rf_model_3_prediction_29,rf_model_3_prediction_30
1,18.78548013049696,,,,,,,,,,,,,,,,,,,,,,,,,,,,,
2,,22.714655923613837,,,,,,,,,,,,,,,,,,,,,,,,,,,,
3,,,25.7742498170218,,,,,,,,,,,,,,,,,,,,,,,,,,,
4,,,,27.382389565619164,,,,,,,,,,,,,,,,,,,,,,,,,,
5,,,,,29.617848720720918,,,,,,,,,,,,,,,,,,,,,,,,,
6,,,,,,30.184410670961576,,,,,,,,,,,,,,,,,,,,,,,,
7,,,,,,,31.701739773167322,,,,,,,,,,,,,,,,,,,,,,,
8,,,,,,,,33.239816378166054,,,,,,,,,,,,,,,,,,,,,,
9,,,,,,,,,34.06793489977624,,,,,,,,,,,,,,,,,,,,,
10,,,,,,,,,,34.54461854159393,,,,,,,,,,,,,,,,,,,,
11,,,,,,,,,,,35.31015347677019,,,,,,,,,,,,,,,,,,,
12,,,,,,,,,,,,36.52557416632141,,,,,,,,,,,,,,,,,,
13,,,,,,,,,,,,,37.301067738857256,,,,,,,,,,,,,,,,,
14,,,,,,,,,,,,,,39.083917554622154,,,,,,,,,,,,,,,,
15,,,,,,,,,,,,,,,38.74143338344821,,,,,,,,,,,,,,,
16,,,,,,,,,,,,,,,,38.510146408952586,,,,,,,,,,,,,,
17,,,,,,,,,,,,,,,,,40.52556321264071,,,,,,,,,,,,,
18,,,,,,,,,,,,,,,,,,43.520036053561846,,,,,,,,,,,,
19,,,,,,,,,,,,,,,,,,,45.67848402189047,,,,,,,,,,,
20,,,,,,,,,,,,,,,,,,,,47.46366117199306,,,,,,,,,,
21,,,,,,,,,,,,,,,,,,,,,49.179456537485756,,,,,,,,,
22,,,,,,,,,,,,,,,,,,,,,,50.6767955272996,,,,,,,,
23,,,,,,,,,,,,,,,,,,,,,,,52.90093425948622,,,,,,,
24,,,,,,,,,,,,,,,,,,,,,,,,54.86597899068383,,,,,,
25,,,,,,,,,,,,,,,,,,,,,,,,,56.09830470421376,,,,,
26,,,,,,,,,,,,,,,,,,,,,,,,,,56.84495471829943,,,,
27,,,,,,,,,,,,,,,,,,,,,,,,,,,57.51170494024013,,,
28,,,,,,,,,,,,,,,,,,,,,,,,,,,,57.414794048256326,,
29,,,,,,,,,,,,,,,,,,,,,,,,,,,,,58.09950654516646,
30,,,,,,,,,,,,,,,,,,,,,,,,,,,,,,56.94112624689816
