,rf_baseline_prediction_1,rf_baseline_prediction_2,rf_baseline_prediction_3,rf_baseline_prediction_4,rf_baseline_prediction_5,rf_baseline_prediction_6,rf_baseline_prediction_7,rf_baseline_prediction_8,rf_baseline_prediction_9,rf_baseline_prediction_10,rf_baseline_prediction_11,rf_baseline_prediction_12,rf_baseline_prediction_13,rf_baseline_prediction_14,rf_baseline_prediction_15,rf_baseline_prediction_16,rf_baseline_prediction_17,rf_baseline_prediction_18,rf_baseline_prediction_19,rf_baseline_prediction_20,rf_baseline_prediction_21,rf_baseline_prediction_22,rf_baseline_prediction_23,rf_baseline_prediction_24,rf_baseline_prediction_25,rf_baseline_prediction_26,rf_baseline_prediction_27,rf_baseline_prediction_28,rf_baseline_prediction_29,rf_baseline_prediction_30
1,19.143225364311935,,,,,,,,,,,,,,,,,,,,,,,,,,,,,
2,,22.617509982258532,,,,,,,,,,,,,,,,,,,,,,,,,,,,
3,,,26.41037803732455,,,,,,,,,,,,,,,,,,,,,,,,,,,
4,,,,29.067468954110254,,,,,,,,,,,,,,,,,,,,,,,,,,
5,,,,,31.971957155686855,,,,,,,,,,,,,,,,,,,,,,,,,
6,,,,,,34.54130827367726,,,,,,,,,,,,,,,,,,,,,,,,
7,,,,,,,36.69843832446282,,,,,,,,,,,,,,,,,,,,,,,
8,,,,,,,,38.93579218536237,,,,,,,,,,,,,,,,,,,,,,
9,,,,,,,,,40.9064901076403,,,,,,,,,,,,,,,,,,,,,
10,,,,,,,,,,41.96692388507513,,,,,,,,,,,,,,,,,,,,
11,,,,,,,,,,,42.08846127362021,,,,,,,,,,,,,,,,,,,
12,,,,,,,,,,,,41.82196940040062,,,,,,,,,,,,,,,,,,
13,,,,,,,,,,,,,41.97842765574248,,,,,,,,,,,,,,,,,
14,,,,,,,,,,,,,,41.986597321034495,,,,,,,,,,,,,,,,
15,,,,,,,,,,,,,,,40.91715047413012,,,,,,,,,,,,,,,
16,,,,,,,,,,,,,,,,41.1061769580368,,,,,,,,,,,,,,
17,,,,,,,,,,,,,,,,,42.23766313606165,,,,,,,,,,,,,
18,,,,,,,,,,,,,,,,,,44.276280499021354,,,,,,,,,,,,
19,,,,,,,,,,,,,,,,,,,45.94833327302546,,,,,,,,,,,
20,,,,,,,,,,,,,,,,,,,,48.803746422708336,,,,,,,,,,
21,,,,,,,,,,,,,,,,,,,,,52.21856972235371,,,,,,,,,
22,,,,,,,,,,,,,,,,,,,,,,54.72429866978826,,,,,,,,
23,,,,,,,,,,,,,,,,,,,,,,,57.5031022635394,,,,,,,
24,,,,,,,,,,,,,,,,,,,,,,,,58.819134664062595,,,,,,
25,,,,,,,,,,,,,,,,,,,,,,,,,59.69420408304732,,,,,
26,,,,,,,,,,,,,,,,,,,,,,,,,,59.92789921480208,,,,
27,,,,,,,,,,,,,,,,,,,,,,,,,,,61.3120051956917,,,
28,,,,,,,,,,,,,,,,,,,,,,,,,,,,61.606564307586225,,
29,,,,,,,,,,,,,,,,,,,,,,,,,,,,,63.06319891811218,
30,,,,,,,,,,,,,,,,,,,,,,,,,,,,,,63.19823504816075
